COLLINS	|	AMPIGRIN INFANTIL	|	DIPIRONA 200 mg, ETER GLICERICO DE GUAYACOL 100 mg, LIDOCAINA 30 mg, CLORFENAMINA 2 mg, AGUA INY. 3 ml	|	SOL. INY., CAJA C/3 AMP.	|	124.80	|	41.60	|	780083140939	;
COLLINS	|	AMPIGRIN ADULTO	|	DIPIRONA 200 mg, ETER GLICERICO DE GUAYACOL 100 mg, LIDOCAINA 30 mg, CLORFENAMINA 2 mg, AGUA INY. 3 ml	|	SOL. INY., CAJA C/3 AMP.	|	156.00	|	52.00	|	780083140922	;
COLLINS	|	ANGLUCID 850	|	METFORMINA 850 mg	|	CAJA C/ 30 TABS.	|	81.50	|	27.17	|	0	;
COLLINS	|	ALUPREX 50 mg c/10	|	SERTRALINA	|	CAPSULAS 50 MG	|	387.61	|	129.20	|	780083139544	;
COLLINS	|	BEXINE	|	DEXAMETASONA, NEOMICINA. FENILEGRINA	|	SOL. FCO. GOTERO CON 15 ml	|	55.68	|	18.56	|	780083142490	;
COLLINS	|	BONAZIN	|	MECLOZINA/PIRIDOXINA/LIDOCAÌNA 	|	CAJA C/1 AMP. DE 1.0 ml	|	32.10	|	10.70	|	0	;
COLLINS	|	CEFLACiD SUSP 250	|	CEFACLOR SUSPENSION 250 mg/Ml	|	CAJA CON FCO . C/75 Ml	|	261.69	|	87.23	|	780083144296	;
COLLINS	|	COLLIFRIN ADULTO	|	OXIMETAZOLINA 20 ml	|	FCO. NEBULIZADOR CON 20 ml	|	62.00	|	20.67	|	0	;
COLLINS	|	COLLIFRIN INFANTIL	|	OXIMETAZOLINA 20 ml	|	FCO. NEBULIZADOR CON 20 ml	|	61.98	|	20.66	|	0	;
COLLINS	|	DECOSIL SOL.	|	NAPROXENO-PARACETAMOL 100 ml	|	SUSP. FCO. CON POLVO 	|	72.00	|	24.00	|	780083141561	;
COLLINS	|	DECOSIL TAB.	|	NAPROXENO-PARACETAMOL 275 mg/ 300 mg	|	CAJA C/ 10 TABS.	|	54.78	|	18.26	|	0	;
COLLINS	|	DIALGIN TAB.	|	DIYODOHIDROXIQUINOLEÌNA 200 mg, CARBÒN, FURAZOLIDONA 50 mg, METILBROMURO DE HOMATROPINA 2.0 mg	|	CAJA C/ 20 TABS.	|	90.00	|	30.00	|	0	;
COLLINS	|	DIALGIN SUSP.	|	DIYODOHIDROXIQUINOLEÌNA 1,25 g, FURAZOLIDONA 0,4 g, HOMATROPINA 0,2g CAOLÌN 20.0 g, PECTINA 1.00 g	|	SUSP. FCO. CON 120 ml	|	56.40	|	18.80	|	780083139759	;
COLLINS	|	FACELIT CAP. 500 mg	|	CEFALEXINA 500 mg	|	FCO. C/ 12 CÀPS.	|	101.34	|	33.78	|	780083141820	;
COLLINS	|	FAZOLIN NASAL	|	NAFAZOLINA 15 ml	|	FCO. GOTERO CON 15 ml	|	60.00	|	20.00	|	0	;
COLLINS	|	FLAGOSIL 400 CAP.	|	DIYODOHIDROXIQUINOLEÌNA, METRONIDAZOL	|	CAJA C/ 30 CÀPS.	|	96.00	|	32.00	|	0	;
COLLINS	|	GELMICIN CREMA	|	BETAMETASONA, CLOTRIMAZOL, GENTAMICINA	|	CAJA C/ TUBO CON 40 g	|	52.50	|	17.50	|	780083141578	;
COLLINS	|	GIMALXINA SUSP. 500 mg 	|	AMOXICILINA 500 mg/ 5 ml	|	SUSP. FCO. CON POLVO PARA 75 ml	|	99.60	|	33.20	|	780083141875	;
COLLINS	|	KENZOFLEX 500 mg	|	CIPROFLOXACINO 500 mg	|	CAJA C/ 12 TABS.	|	137.58	|	45.86	|	780083140540	;
COLLINS	|	LOVARIN  JBE.	|	LORATADINA 60 ml	|	JBE. FCO. CON 60 ml	|	58.81	|	19.60	|	0	;
COLLINS	|	LOVARIN EX SOL.	|	AMBROXOL-LORATADINA 120 ml	|	SOL. FCO. CON 120 ml	|	66.00	|	22.00	|	780083146214	;
COLLINS	|	PLUSGEL TAB.	|	HIDRÒXIDO DE ALUMINIO, DE MAGNESIO, DIMETICONA 	|	FCO. C/ 50 TABS. MASTICABLES	|	69.00	|	23.00	|	0	;
COLLINS	|	PLUSGEL SUSP.	|	HIDRÒXIDO DE ALUMINIO, DE MAGNESIO, DIMETICONA 	|	FCO. CON 360 ml SABOR MENTA-LIMÒN	|	58.80	|	 19.60	|	780083140595	;
COLLINS	|	TEMPIRE GOTAS	|	PARACETAMOL 30 ml	|	CAJA CON FCO. GOTERO CON 30 ml	|	44.10	|	 14.70	|	780083142308	;
COLLINS	|	THRECHOP TAB.	|	DIYODOHIDROXIQUINOLEÌNA 200 mg, CARBÒN, FURAZOLIDONA 50 mg, METILBROMURO DE HOMATROPINA 2.0 mg	|	CAJA C/ 20 TABS.	|	80.00	|	 26.67	|	780083140212	;
COLLINS	|	THRECHOP SUSP.	|	DIYODOHIDROXIQUINOLEÌNA 200 mg, CARBÒN, FURAZOLIDONA 50 mg, METILBROMURO DE HOMATROPINA 2.0 mg	|	SUSP. FCO. CON 120 ml	|	56.40	|	 18.80	|	0	;
COLLINS	|	VENGESIC GRAGEAS	|	FENILBUTAZONA 100 g, DEXAMETASONA 0.5 g, METOCARBAMOL 200 g. HIDRÒXIDO DE ALUMINIO 200 g.	|	CAJA C/ 20 GRAGEAS	|	84.00	|	 28.00	|	780083140731	;
COLLINS	|	VOLFENAC CREMA	|	DICLOFENACO 60 g	|	CAJA C/ TUBO CON 60 g	|	80.12	|	 26.71	|	0	;
MAVI	|	atorlip 10 mg TAB	|	ATORBASTATINA 20 mg	|	TABLETAS CAJA C/10 	|	126.00	|	 42.00	|	785120754827	;
MAVI	|	ATORLIP 40 mg TAB	|	ATORBASTATINA 40 mg	|	TABLETAS CAJA C/10 	|	231.00	|	 77.00	|	785120754858	;
MAVI	|	ARTROBEN CREMA	|	BENCIDAMINA 60 g	|	CREMA, TUBO CON 60 g	|	111.00	|	 37.00	|	785118752521	;
MAVI	|	ARTROBEN SPRAY	|	BENCIDAMINA 45 mg/30 ml	|	SOLUCIÒN, FCO. CON 30 ml	|	96.00	|	 32.00	|	785118752705	;
MAVI	|	AZIBIOT TAB.	|	AZITROMICINA 500 mg	|	TABLETAS CAJA C/3	|	210.00	|	 70.00	|	0	;
MAVI	|	BACTOKINA AMP.	|	LINCOMICINA 600 mg	|	CAJA C/ 6 AMP. CON 2 ml	|	159.00	|	 53.00	|	0	;
MAVI	|	CARIDOXEN TAB	|	NAPROXENO/ CARISOPRODOL 250 mg	|	CAPSULAS CAJA C/ 30 	|	150.00	|	 50.00	|	0	;
MAVI	|	DALATINA GEL	|	CLINDAMICINA 1%	|	GEL CAJA C/TUBO CON 30 G	|	75.00	|	 25.00	|	785118752415	;
MAVI	|	DALATINA-V	|	CLINDAMICINA 2%	|	CREMA, CAJA C/TUBO CON 40 g Y APLICADORES	|	162.00	|	 54.00	|	0	;
MAVI	|	DISTENTAL TAB	|	BROMURO DE PINAVERIO 100 mg	|	TABLETAS CAJA C/ 14 	|	102.00	|	 34.00	|	785118752590	;
MAVI	|	DOLBUTIN TAB.	|	TRIMEBUTINA 200 mg	|	TABLETAS CAJA C/ 30 	|	129.00	|	 43.00	|	785118752675	;
MAVI	|	EUR-FER-SOL	|	SULFATO FERROSO 25 mg/ml	|	SOLUCIÒN, CAJA CON FCO. GOTERO CON 15 ml	|	48.00	|	 16.00	|	785118752828	;
MAVI	|	EURODERM CREMA	|	CLOTRIMAZOL AL 2%	|	CREMA, CAJA C/TUBO CON 20 G Y 3 APLICADORES VAGINALES	|	75.00	|	 25.00	|	785118752873	;
MAVI	|	FLOSEP TAB	|	OFLOXACINO 400 mg	|	TABLETAS CAJA C/ 8	|	96.00	|	 32.00	|	785118952174	;
MAVI	|	HISTOX TAB	|	LORATADINA 10 mg	|	TABLETAS CAJA C/10 	|	63.00	|	 21.00	|	785120953206	;
MAVI	|	ITAMOL TAB-MAS	|	SUBSALICILATO DE BISMUTO 262 mg	|	TABLETAS MASTICABLES CAJA C/ 24 	|	46.00	|	 15.33	|	785118752637	;
MAVI	|	KROBICIN SUSP 125	|	CLARITROMICINA 125 mg/ 5 ml	|	FCO. CON POLVO CON 60 ml	|	180.00	|	 60.00	|	785118752330	;
MAVI	|	KROBICIN SUSP 250	|	CLARITROMICINA 250 mg/ 5 ml	|	FCO. CON POLVO CON 60 ml	|	296.00	|	 98.67	|	785118752347	;
MAVI	|	LESACLOR SUSP	|	ACICLOVIR AL 4%	|	SUSPENSIÒN CJA. CON FCO. CON 125 ml	|	111.00	|	 37.00	|	785118753528	;
MAVI	|	NORQUINOL TAB	|	NORFLOXACINO 400 mg	|	GRAGEAS CAJA C/ 20	|	93.00	|	 31.00	|	785118952327	;
MAVI	|	MACLOV TAB 400	|	ACICLOVIR  400 mg	|	TABLETAS CAJA C/ 35 	|	270.00	|	 90.00	|	785120753530	;
MAVI	|	MACLOV TAB 200	|	ACICLOVIR  200 mg	|	TABLETAS CAJA C/ 25	|	41.00	|	 41.00	|	785120753523	;
MAVI	|	MACROFURIN TAB	|	NITROFURANTOÌNA 100 mg	|	CÀPSULAS CAJA CON 40	|	108.00	|	 36.00	|	785120753349	;
MAVI	|	MAVICAM TABS.	|	MELOXICAM 15 mg	|	TABLETAS CAJA C/10	|	84.00	|	 28.00	|	0	;
MAVI	|	MAVIDOL AMP.	|	KETOROLACO 30 mg/1 ml 	|	AMPOLLETA, CAJA C/ 3 DE 1 Ml	|	78.00	|	 26.00	|	785120754773	;
MAVI	|	MAVIDOL TABS	|	KETOROLACO 10 mg	|	TABLETAS CAJA C/10	|	66.00	|	 22.00	|	785120754766	;
MAVI	|	MAVIDOL SL TABS	|	KETOROLACO 30 mg/1 ml 	|	TABLETAS CAJA C/ 4 	|	78.00	|	 26.00	|	785120754759	;
MAVI	|	MAVIDOL TR CAPS	|	KETOROLACO/TRAMADOL 10mg/25 mg	|	CÀPSULAS CAJA CON 10	|	120.00	|	 40.00	|	785120754841	;
MAVI	|	MAVIGLIN 500/2.5MG	|	METFORMINA/ GLIBENCLAMIDA 500 mg / 2.5 mg	|	GRAGEAS CAJA C/ 30 	|	72.00	|	 24.00	|	785120754148	;
MAVI	|	MAVIGLIN 500/5MG	|	METFORMINA/ GLIBENCLAMIDA 500 mg / 5 mg	|	GRAGEAS CAJA C/ 60	|	132.00	|	 44.00	|	785120754131	;
MAVI	|	MAVILAN CAPS	|	LANZOPRAZOL 30 MG	|	CÀPSULAS CAJA CON 14	|	132.00	|	 44.00	|	0	;
MAVI	|	MAVITINA TABS	|	PRAVASTATINA 10 mg	|	TABLETAS CAJA CON 15	|	141.00	|	 47.00	|	785120754124	;
MAVI	|	MELIDEN TABS.	|	NIMESULIDA 100 mg	|	TABLETAS CAJA CON 10	|	63.00	|	 21.00	|	0	;
MAVI	|	ONGICIL CAPS	|	FLUCONAZOL 150 mg	|	CÀPSULAS CAJA C/1	|	69.00	|	 23.00	|	785120953381	;
MAVI	|	ORTOCOL FORTE GRAG	|	DICLOFENACO/COMPLEJO B	|	GRAGEAS CAJA C/30	|	84.00	|	 28.00	|	0	;
MAVI	|	SIBOFIX TABS.	|	LEVOFLOXACINO 500 mg	|	TABLETAS CAJA C/ 7	|	180.00	|	 60.00	|	785120754650	;
MAVI	|	SISTOPRES TABS	|	AMLODIPINO 5 mg	|	TABLETAS CAJA C/ 10	|	108.00	|	 36.00	|	0	;
MAVI	|	SOLMAVIN TABS	|	ITRACONAZOL 100 mg	|	TABLETAS CAJA C/ 15	|	204.00	|	 68.00	|	785120753943	;
MAVI	|	TRAXITEN TROC.	|	IOXITETRACICLINA 125 mg	|	TROCISCOS CAJA C/ 24 	|	60.00	|	 20.00	|	785118752316	;
MAVI	|	UREZOL TABS	|	FENAZOPIRIDINA 100 mg	|	TABLETAS CAJA C/ 20	|	63.00	|	 21.00	|	785118752477	;
MAVI	|	VIKROL TABS 500MG	|	CLARITROMICINA 500 mg	|	TABLETAS CAJA C/ 10	|	225.00	|	 75.00	|	785120754117	;
MAVI	|	ZOLPEPTID CAPS.	|	PANTOPRAZOL 40 mg	|	TABLETAS CAJA C/ 14	|	216.00	|	 72.00	|	785120753592	;
BIOMEP	|	AMIFARIN CAPS 250 	|	DICLOXACILINA, 250 mg	|	CAPSULAS,CAJA C/20	|	93.00	|	31.00	|	0	;
BIOMEP	|	AMIFARIN CAPS 500 C/12	|	DICLOXACILINA, 500 mg	|	CAPSULAS,CAJA C/12	|	86.00	|	28.67	|	0	;
BIOMEP	|	AMIFARIN CAPS 500 C/20	|	DICLOXACILINA, 500 mg	|	CAPSULAS,CAJA C/20	|	108.00	|	36.00	|	0	;
BIOMEP	|	BIFAREN TABS.	|	BEZAFIBRATO, 200 mg	|	TABLETAS, CAJA C/30	|	84.00	|	28.00	|	7501573900412	;
BIOMEP	|	BIOMESINA TABS.	|	BUTILHIOSCINA 10 mg	|	GRAGEAS, CAJA C/10	|	23.00	|	7.67	|	7501573900535	;
BIOMEP	|	BIOMESINA COMPUESTA TABS	|	BUTILHIOSCINA 10 mg, METAMIZOL SODICO 250 mg 	|	GRAGEAS, CAJA C/10	|	33.00	|	11.00	|	7501573900115	;
BIOMEP	|	BIOXIL TABS 25mg	|	CAPTOPRIL, 25 mg	|	TABLETAS, CAJA C/30	|	50.00	|	16.67	|	0	;
BIOMEP	|	BIOXIL TABS 50mg	|	CAPTOPRIL, 50 mg	|	TABLETAS, CAJA C/20	|	53.00	|	17.67	|	7501573900085	;
BIOMEP	|	BISULTRIM TABS	|	TRIMETOPRIMA 80 mg, SULFAMETOXAZOL 400 mg	|	TABLETAS, CAJA C/20	|	35.00	|	11.67	|	0	;
BIOMEP	|	BIXEN TABS. 550mg	|	NAPROXENO SODICO 550 mg	|	TABLETAS CAJA C/12 	|	69.00	|	23.00	|	7501573900047	;
BIOMEP	|	BIXEN TABS 275mg	|	NAPROXENO SODICO 275 mg	|	TABLETAS CAJA C/20	|	65.00	|	21.67	|	7501573900030	;
BIOMEP	|	BRAX  TABS	|	NAPROXENO SODICO 275 mg, PARACETAMOL 300 mg	|	TABLETAS, CAJA C/10	|	47.30	|	15.77	|	7501573900177	;
BIOMEP	|	BRIMEX TABS 200mg	|	ACICLOVIR 200 mg	|	TABLETAS CAJA C/25	|	132.00	|	44.00	|	0	;
BIOMEP	|	BRIMEX  TABS. 400mg	|	ACICLOVIR 400 mg	|	TABLETAS CAJA C/35	|	270.00	|	90.00	|	7501573921264	;
BIOMEP	|	BROMHEXINA, SOL. ADULTO	|	BROMHEXINA, SOL.	|	SOL. 160 MG, FCO. C/100 mL	|	57.00	|	19.00	|	0	;
BIOMEP	|	BROMHEXINA,JBE. G.I INFANTIL	|	BROMHEXINA, SOL. GI	|	SOL. 80 MG, FCO. C/100 ml	|	55.00	|	18.33	|	0	;
BIOMEP	|	CLOXAN TABS	|	AMBROXOL 30 mg	|	TABLETAS CAJA C/20 	|	35.00	|	11.67	|	0	;
BIOMEP	|	CLOXAN SOL.	|	AMBROXOL, 15 mg/ 5 mL	|	SOLUCION, FCO. C/120 ml 	|	42.00	|	14.00	|	0	;
BIOMEP	|	C-MESSEL TABS	|	ACIDO ASCORBICO, 100 mg	|	TABLETAS CAJA C/20 	|	23.00	|	7.67	|	0	;
BIOMEP	|	COLPRADIN TABS. 10mg	|	PRAVASTATINA 10 mg	|	TABLETAS CAJA C/30	|	115.00	|	38.33	|	0	;
BIOMEP	|	DIURMESSEL TABS.	|	FUROSEMIDA 40 mg	|	TABLETAS, CAJA C/20	|	40.00	|	13.33	|	7501573900375	;
BIOMEP	|	DOCSI TABS	|	CLORFENAMINA, 4mg	|	TABLETAS, CAJA C/20	|	27.50	|	9.17	|	0	;
BIOMEP	|	DOSTERIL TABS	|	LISINOPRIL, 10 mg	|	TABLETAS, CAJA C/30	|	100.00	|	33.33	|	0	;
BIOMEP	|	DOCRIL GRAG 100mg	|	DICLOFENACO SODICO 100 mg 	|	GRAGEAS CAJA C/20	|	45.00	|	15.00	|	7501573934172	;
BIOMEP	|	DOYCUR TABS. 250mg	|	CLARITROMICINA 250 mg	|	TABLETAS CAJA C/10	|	115.00	|	38.33	|	7501573900573	;
BIOMEP	|	DOYCUR TABS. 500mg	|	CLARITROMICINA 500 mg	|	TABLETAS CAJA C/10	|	175.00	|	58.33	|	0	;
BIOMEP	|	EXCLEFIN TABS.	|	LOPERAMIDA 2 mg	|	TABLETAS, CAJA C/12 	|	25.00	|	8.33	|	7501573900283	;
BIOMEP	|	FENOXIL TABS	|	NIMESULIDA 100 mg	|	TABLETAS, CAJA C/10 	|	68.97	|	22.99	|	0	;
BIOMEP	|	GRIMERAL SOL. 60ml	|	LORATADINA 5 mg/5 Ml	|	SOLUCION, CAJA C/ FCO 60 ml	|	61.60	|	20.53	|	0	;
BIOMEP	|	GRIMERAL SOL 30ml	|	LORATADINA 5 mg/5 Ml	|	SOLUCION, CAJA C/ FCO 30 ml	|	45.10	|	15.03	|	0	;
BIOMEP	|	IFENTIL TABS	|	IBUPROFENO 200 mg	|	TABLETAS, CAJA C/10	|	25.00	|	8.33	|	7501573900146	;
BIOMEP	|	KETROL TABS	|	KETOROLACO TROMETAMINA 10 mg	|	TABLETAS CAJA C/10	|	56.00	|	18.67	|	7501573900559	;
BIOMEP	|	MENAZAN CREMA	|	MICONAZOL, 2g./100 g	|	CREMA, CAJA CON TUBO 20 g	|	35.20	|	0.00	|	0	;
BIOMEP	|	MESSELDAZOL TABS 500mg	|	METRONIDAZOL, 500 mg	|	TABLETAS CAJA C/20	|	20.34	|	6.78	|	7501573900016	;
BIOMEP	|	MESSELZOL TABS	|	KETOCONAZOL, 200 mg	|	TABLETAS, CAJA C/10 	|	51.00	|	17.00	|	0	;
BIOMEP	|	MEXAPIN SUSP 500mg	|	AMPICILINA, 500 mg	|	SUSPENSION, FCO. C/60 ml 	|	68.00	|	22.67	|	0	;
BIOMEP	|	MEXAPIN CAPS 500mg	|	AMPICILINA, 500 mg	|	CAPSULAS, CAJA C/20	|	72.00	|	24.00	|	0	;
BIOMEP	|	MEXAPIN SUSP. 125 MG	|	AMPICILINA, 125 mg/5mL	|	SUSPENSION, CAJA C/FCO. CON POLVO P/90 ml, VASO DOSIFICADOR	|	35.00	|	11.67	|	0	;
BIOMEP	|	NAFICH CRMEA	|	TERBINAFINA,  1%	|	CREMA, TUBO C/15 g	|	73.70	|	24.57	|	0	;
BIOMEP	|	NODRIX TABS.	|	CISAPRIDA, 10 mg	|	TABLETAS CAJA C/30	|	92.40	|	30.80	|	0	;
BIOMEP	|	OCRIX TABS.	|	GLIBENCLAMIDA 5 mg	|	TABLETAS CAJA C/50	|	27.83	|	9.28	|	0	;
BIOMEP	|	PARACETAMOL G.I TABS.	|	PARACETAMOL 750 mg 	|	TABLETAS CAJA C/10	|	25.30	|	8.43	|	7501573900269	;
BIOMEP	|	PARACETAMOL G.I TABS.	|	PARACETAMOL  500 mg	|	TABLETAS CAJA C/10	|	14.50	|	4.83	|	7501573900443	;
BIOMEP	|	PRO-XB TABS.	|	IBUPROFENO, 400 mg	|	TABLETAS CAJA C/10	|	34.73	|	11.58	|	7501573900108	;
BIOMEP	|	RIPOX TABS.	|	PIROXICAM, 20 mg	|	TABLETAS CAJA C/20	|	36.30	|	12.10	|	7501573900498	;
BIOMEP	|	TERPLEX TABS. 100 MG	|	FLUCONAZOL, 100 mg	|	CAPSULAS, CAJA C/10	|	160.00	|	53.33	|	0	;
BIOMEP	|	TERPLEX TABS. 150 MG	|	FLUCONAZOL, 150 mg	|	CAPSULAS, CAJA C/1	|	58.00	|	19.33	|	0	;
BIOMEP	|	ULTGASTRIN JBE.	|	RANITIDINA 1,5 g/100 Ml	|	JARABE, CAJA C/FCO 200 mL. 	|	175.00	|	58.33	|	7501573902782	;
BIOMEP	|	ULGASTRIN TABS. 150 MG	|	RANITIDINA 150 mg 	|	GRAGEAS CAJA C/20 	|	42.60	|	14.20	|	7501573900405	;
BIOMEP	|	ULTGASTRIN TABS. 300 MG	|	RANITIDINA 300 mg	|	GRAGEAS CAJA C/10 	|	42.60	|	14.20	|	7501573900023	;
BIOMEP	|	ULTGASTRIN sol. GOTAS	|	RANITIDINA 100 ml	|	GOTAS 30 ml	|	159.00	|	53.00	|	7501573902812	;
BIOMEP	|	VALCLAN TABS. 875 MG	|	AMOXICILINA/CLAVULANICO  875 mg/125 mg	|	TABLETAS, CAJA C/10 	|	228.00	|	76.00	|	0	;
BIOMEP	|	VALCLAN SUP. 400 MG	|	AMOXICILINA/CLAVULÀNICO 400-57 mg	|	SUSPENSIÒN JUNIOR 12 HRS.	|	130.00	|	43.33	|	0	;
BIOMEP	|	VANDIX CÀPS. 500 MG	|	AMOXICILINA, 500 mg	|	CAPSULAS, CAJA C/12	|	60.00	|	20.00	|	0	;
BIOMEP	|	VANDIX SUSP. 250 MG	|	AMOXICILINA, 250 mg	|	FCO. CON POLVO P/75 mL	|	54.00	|	18.00	|	0	;
BIOMEP	|	VANDIX SUSP. 500 MG	|	AMOXICILINA, 500 mg	|	FCO. CON POLVO P/75 mL	|	81.00	|	27.00	|	0	;
BIOMEP	|	VANMOXOL SUSP.	|	AMOXICILINA/AMBROXOL, 250 mg/15 mg/5 mL	|	SUSPENSION, FCO. C/POLVO P/90 ml Y VASO DOSIFICADOR	|	65.00	|	21.67	|	0	;
BIOMEP	|	VEXOTIL TABS.	|	ENALAPRIL, 10 mg	|	TABLETAS, CAJA C/30	|	45.00	|	15.00	|	7501573900221	;
BIOMEP	|	WADIL TABS. 500/5 MG	|	METFORMINA 500 mg/GLIBENCLAMIDA 5 mg	|	TABLETAS, CAJA C/30	|	56.65	|	18.88	|	0	;
BIOMEP	|	WADIL TABS. 500/2.5 MG	|	METFORMINA 500 mg/GLIBENCLAMIDA 2.5 mg	|	TABLETAS, CAJA C/30	|	53.50	|	17.83	|	0	;
BIOMEP	|	WAMINDEL GOTAS 15 mL	|	PARACETAMOL, 100 mg/ml	|	SOLUCION, GOTAS PEDIATRICAS, CAJA CON FCO. DE 15 Ml y GOTERO	|	22.00	|	7.33	|	0	;
BIOMEP	|	WAMINDEL GOTAS 30 mL	|	PARACETAMOL, 100 mg/ml	|	SOLUCION, GOTAS PEDIATRICAS, CAJA CON FCO. DE 30 Ml y GOTERO	|	38.00	|	12.67	|	0	;
BIOMEP	|	WAMINDEL SOL. INFANTIL	|	PARACETAMOL, 3.2 g/100 ml	|	SOLUCION INFANTIL, CAJA CON FCO. DE 120 Ml, VASO DOSIFICADOR	|	44.00	|	14.67	|	0	;
BIOMEP	|	WEXPEC SOL.	|	AMBROXOL 7.5 mg - SALBUTAMOL 2.0 mg / 5 Ml	|	 SOLUCION, CAJA C/FCO. 120 Ml	|	45.00	|	15.00	|	0	;
BIOMEP	|	SIXOL TABS.	|	COLCHICINA, 1 mg	|	TABLETAS, CAJA C/30	|	52.00	|	17.33	|	0	;
BIOMEP	|	Z- XIN TABS. 250 MG	|	CIPROFLOXACINO 250 mg	|	TABLETAS, CAJA C/12 	|	57.20	|	19.07	|	7501573900306	;
BIOMEP	|	Z- XIN TABS. 500 MG C/8	|	CIPROFLOXACINO 500 mg	|	TABLETAS, CAJA C/8	|	93.50	|	31.17	|	7501573900306	;
BIOMEP	|	Z- XIN TABS. 500 MG C/12	|	CIPROFLOXACINO 500 mg	|	TABLETAS, CAJA C/12 	|	104.50	|	34.83	|	0	;
BIOMEP	|	ACTIGLUVIC TABS.	|	ACIDO GLUTAMICO 750 mg	|	FCO. C/90 TABLETAS	|	150.00	|	50.00	|	7503006268069	;
BIOMEP	|	GLUTAMINA VICH CÀPS.	|	L-GLUTAMINA	|	FCO. C/90 CAP.	|	330.00	|	110.00	|	0	;
BIOMEP	|	LAXADEL NARANJA	|	PSYLLIUM PLANTAGO, S. NARANJA	|	FCO. C/340 g	|	125.00	|	41.67	|	7503006268007	;
BIOMEP	|	LAXADEL PIÑA	|	PSYLLIUM PLÀNTAGO, S. PIÑA	|	FCO. C/340 g	|	125.00	|	41.67	|	7503006268014	;
BIOMEP	|	LAXADEL DIAB	|	PSYLLIUM PLANTAGO 100 %	|	FCO. C/400 g	|	232.00	|	77.33	|	7503006268151	;
BIOMEP	|	FLEXIGLU PLUS POLVO	|	GLUCOSAMINA, CHONDOITRINA, MANGANESO, VIT. C, MSM,  OMEGA 3	|	POLVO, BOTE C/450 g	|	350.00	|	116.67	|	7503006268168	;
BIOMEP	|	FLEXIGLU PLUS TABS.	|	GLUCOSAMINA, CHONDOITRINA, MANGANESO, VIT. C, MSM,  OMEGA 3	|	FCO, C/450 g	|	300.00	|	100.00	|	7503006268083	;
SON`S	|	ACROXIL-C CÀPS. 500 MG	|	AMOXICILINA/BROMHEXINA	|	CAPSULAS 500 mg /8 mg, CAJA C/12	|	87.50	|	29.17	|	0	;
SON`S	|	ACROXIL-C SUSP. 250 MG	|	AMOXICILINA/BROMHEXINA	|	SUSP. 250 mg /8 mg./5ml. 60ml.	|	87.50	|	29.17	|	0	;
SON`S	|	AD-KAN SOL. ORAL	|	VITAMINA A 5, 000 UI- VIT. D2 0.01 mg/3 mL	|	SOL. ORAL., CAJA C/3 AMP. DE 3 mL	|	51.00	|	17.00	|	0	;
SON`S	|	AMIKASON'S AMP. 100 MG	|	AMIKACINA, 100 mg	|	SOL. INY., CAJA C/1 AMPOLLETA DE 2 mL	|	44.00	|	14.67	|	0	;
SON`S	|	AMIKASON'S AMP. 500 MG C/1	|	AMIKACINA, 500 mg	|	SOL. INY., CAJA C/1 AMPOLLETAS DE 2 mL	|	91.00	|	30.33	|	0	;
SON`S	|	AMIKASON'S AMP. 500 MG C/2	|	AMIKACINA, 500 mg	|	SOL. INY., CAJA C/2 AMPOLLETAS DE 2 mL	|	139.50	|	46.50	|	0	;
SON`S	|	ARTHRIL CÀPS.	|	KETOPROFENO, 100 mg	|	CAPSULAS, CAJA C/15	|	84.00	|	28.00	|	7502001165151	;
SON`S	|	ARDOSONS CÀPS.	|	INDOMETASINA 25 mg, BETAMETAZONA 0.75 mg, METOCARBAMOL 215 mg 	|	CAPSULAS, CAJA C/20	|	246.50	|	82.17	|	0	;
SON`S	|	ATALAK AMP.	|	DICLOFENACO 75 mg/3 ml	|	SOL. INYECTABLE C/ 2 AMP. DE 3 ml	|	55.00	|	18.33	|	0	;
SON`S	|	ATALAK RETARD GRAG.	|	DICLOFENACO 100 mg	|	CAJA C/ 20 GRAGEAS	|	91.00	|	30.33	|	7502001160125	;
SON`S	|	ATALAK SPORT CREMA	|	DICLOFENACO, 1%	|	CREMA, TUBO C/60 g	|	78.00	|	26.00	|	7502001160118	;
SON`S	|	BACTROPIN TABS. 80/400 MG	|	TRIMETOPRIMA 80 mg-SULFAMETOXAZOL 400 mg	|	TABLETAS, CAJA CON 14 	|	51.00	|	17.00	|	7502001165526	;
SON`S	|	BACTROPIN TABS. 40/200 MG	|	TRIMETOPRIMA 160 mg-SULFAMETOXAZOL 800 mg	|	TABLETAS, CAJA CON 14 	|	56.00	|	18.67	|	7502001169289	;
SON`S	|	BACTROPIN SUSP.	|	TRIMETOPRIMA 40 mg-SULFAMETOXAZOL 200 mg/5 Ml	|	SUSPENSION, FCO. C/120 mL, VASO DOSIFICADOR	|	58.50	|	19.50	|	7502001165564	;
SON`S	|	BARMICIL COMPUESTO CREMA	|	BETAMETASONA 50 mg, CLOTRIMAZOL 1 g, GENTAMICINA 0.1 g./100 g	|	CREMA, CAJA C/TUBO CON 30 g	|	53.00	|	17.67	|	7502001163805	;
SON`S	|	BRONOLBAN-M ADULTO SOL.	|	AMBROXOL 150 mg, CLENBUTEROL 0.2 mg /100 Ml	|	SOLUCION, CAJA CON FRASCO CON 100 mL	|	78.00	|	26.00	|	0	;
SON`S	|	BRONOLBAN-M INFANTIL SOL.	|	AMBROXOL 150 mg, CLENBUTEROL 0.1 mg /100 Ml	|	SOLUCION, CAJA CON FRASCO CON 100 mL	|	78.00	|	26.00	|	0	;
SON`S	|	BUSCONET AMP.	|	BUTILHIOSCINA 20 mg, METAMIZOL SODICO 2.5 mg	|	INY., CAJA C/ 1 FCO. AMP. DE 5 ml	|	47.50	|	15.83	|	7502001160019	;
SON`S	|	BUSCONET TABS.	|	BUTILHIOSCINA 10 mg, METAMIZOL SODICO 250 mg	|	TABLETAS, CAJA C/10	|	52.00	|	17.33	|	7502001160026	;
SON`S	|	CANDIPHEN - V  CREMA	|	CLOTRIMAZOL 2.0 g /100 g 	|	CREMA, CAJA C/TUBO CON 20 g Y TRES APLICADORES	|	81.00	|	27.00	|	7502001163478	;
SON`S	|	CANDIPHEN- V DUAL OVULOS	|	CLOTRIMAZOL: 200 mg/OVULO, 0.01 g/ g 	|	CAJA CON 3 OVULOS, TUBO CON 10 g	|	82.50	|	27.50	|	7502001163485	;
SON`S	|	CANDIPHEN CREMA	|	CLOTRIMAZOL AL 1 %	|	CAJA CON TUBO C/30 g	|	56.00	|	18.67	|	7502001164062	;
SON`S	|	DIPRODOL TABS. 800 MG	|	IBUPROFENO, 800 mg	|	TABLETAS, CAJA C/10	|	65.49	|	21.83	|	0	;
SON`S	|	DIPRODOL TABS. 400 MG	|	IBUPROFENO 400 mg	|	TABLETAS CAJA C/10	|	44.00	|	14.67	|	7502001165021	;
SON`S	|	DICLEOPHEN CÀPS.	|	DICLOXACILINA 500 mg	|	CAPSULAS, CAJA C/12	|	105.00	|	35.00	|	0	;
SON`S	|	DIPHAFEN AMP.	|	DIFENIDOL,  40 mg/2 Ml	|	SOL. INY., CAJA C/2 AMP. DE 2 mL	|	44.00	|	14.67	|	7502001162549	;
SON`S	|	DOLZYCAM GEL	|	PIROXICAM 0.5 g /100 g. 	|	GEL, CAJA C/TUBO CON 60 g	|	70.50	|	23.50	|	7502001165045	;
SON`S	|	DANIBEN-C SUSP.	|	BENCILPENICILINA BENZATINICA, BENCILPENICILINA PROCAINICA, BENCILPENICILINA  1200, 000	|	SUSP. INY., FCO. C/POLVO Y AMPOLLETA / 3 mL	|	44.00	|	14.67	|	0	;
SON`S	|	DEXIMET GRAG.	|	INDOMETASINA-DEXAMETAZONA 25 mg/0.25 mg	|	GRAGEAS, CAJA C/30	|	85.00	|	28.33	|	7502001165014	;
SON`S	|	DISON'S DEX AMP.	|	BETAMETAZONA 5 mg/2 Ml	|	INY., CAJA CON 1 AMP. Y JERINGA DESECHABLE	|	91.00	|	30.33	|	0	;
SON`S	|	EXBENZOL SUSP.	|	MEBENDAZOL 100 mg./5ml.	|	SUSP. CAJA C/FCO. C/30 ml.	|	40.50	|	13.50	|	0	;
SON`S	|	EXCOSINE-S AMP.	|	BUTILHIOSCINA 20 /mL	|	SOL. INY., CAJA C/3 AMP. DE 1 mL	|	63.00	|	21.00	|	7502001160194	;
SON`S	|	EXOFUR SUSP.	|	FURAZOLIDONA 17.5 mg, CAOLIN 1 g, PECTINA 50 mg /5 Ml	|	SUSPENSION, FCO. C/120 mL	|	60.50	|	20.17	|	0	;
SON`S	|	EXPICIN SUSP.	|	AMPICIILINA 250 mg/5 mL	|	SUSP., FCO. C/90 mL	|	79.00	|	26.33	|	0	;
SON`S	|	EXPICIN CÀPS.	|	AMPICILINA, 500 mg	|	CAPSULAS, CAJA C/12	|	74.00	|	24.67	|	0	;
SON`S	|	EXOQUIN TABS.	|	DIYODOHIDROXIQUINOLEINA 250 mg	|	TABLETAS, CAJA C/10	|	46.50	|	15.50	|	0	;
SON`S	|	FENIMETH-V OVULOS	|	METRONIDAZOL 500 mg NISTATINA 100, 000 U	|	OVULOS, CAJA C/12	|	73.00	|	24.33	|	7502001164697	;
SON`S	|	FENIXIL- OF SOL. OFT.	|	NAFAZOLINA 0.16 mg, FENIRAMINA 3.O mg /1 mLl	|	SOL. OFT., CAJA C/FRASCO GOTERO CON 15 mL 	|	47.50	|	15.83	|	7502001165205	;
SON`S	|	FINLAC AMP.	|	KETOROLACO TROMETAMINA 30 mg/Ml	|	SOL. INY., CAJA C/3 AMP. DE 1 mL	|	94.00	|	31.33	|	0	;
SON`S	|	FINLAC TABLETAS	|	KETOROLACO 10 mg	|	CAJA C/ 10 TABS.	|	75.00	|	25.00	|	0	;
SON`S	|	GENKOVA  AMP. 20 MG C/1	|	GENTAMICINA 20 mg	|	INY., CAJA C/ 1  AMP. DE 2 ml	|	32.00	|	10.67	|	0	;
SON`S	|	GENKOVA AMP. 50 MG C/5	|	GENTAMICINA 80 mg	|	INY., CAJA C/ 5  AMP. DE 2 ml	|	101.00	|	33.67	|	0	;
SON`S	|	GENKOVA AMP. 160 MG C/5	|	GENTAMICINA 160 mg	|	INY., CAJA C/ 5  AMP. DE 2 ml	|	121.00	|	40.33	|	0	;
SON`S	|	GENKOVA  COMPUESTO GEL	|	BETAMETASONA 50 mg, CLOTRIMAZOL 1 g, GENTAMICINA 0.1 g.	|	GEL, CAJA C/TUBO CON 40 g	|	48.00	|	16.00	|	0	;
SON`S	|	GRIPSON GOTAS	|	PARACETAMOL 60 mg, CLORFENAMINA 2 mg, FENILEFRINA 5 mg	|	SOLUCION, CAJA CON FRASCO GOTERO CON 15 Ml	|	44.01	|	14.67	|	7502001163058	;
SON`S	|	LAURICIN TABS.	|	ERITROMICINA,500 mg	|	TABLETAS CAJA C/8	|	73.00	|	24.33	|	7502001161269	;
SON`S	|	LAURICIN SUSP.	|	ERITROMICINA, 250 mg	|	SUSPENSION, FCO. C/60 mL	|	85.00	|	28.33	|	7502001161726	;
SON`S	|	LISONIN INFANTIL AMP. 300 MG C/6	|	LINCOMICINA 300 mg	|	INY., CAJA C/6  AMP. DE 1 ml	|	146.00	|	48.67	|	7502001161610	;
SON`S	|	LISONIN INFANTIL AMP. 300 MG C/1	|	LINCOMICINA 300 mg	|	INY., CAJA C/1  AMP. DE 1 ml  y JERINGA DESECHABLE	|	40.50	|	13.50	|	0	;
SON`S	|	LISONIN ADULTO AMP. 600 MG C/6	|	LINCOMICINA 600 mg	|	INY., CAJA C/6  AMP. DE 2 ml	|	205.00	|	68.33	|	7502001161641	;
SON`S	|	LISONIN ADULTO AMP. 600 MG C/1	|	LINCOMICINA 600 mg	|	INY., CAJA C/1  AMP. DE 2 ml  y JERINGA DESECHABLE	|	57.00	|	19.00	|	0	;
SON`S	|	LISONIN CÀPS.	|	LINCOMICINA 500 mg	|	CAPSULAS, C/12	|	100.00	|	33.33	|	7502001161856	;
SON`S	|	LOP TABS.	|	LOPERAMIDA CLORHIDRATO 2.0 mg	|	TABLETAS, CAJA C/12	|	30.50	|	10.17	|	7502001162044	;
SON`S	|	LOSOVU AMP.	|	MEDROXIPROGESTERONA/ESTRADIOL 25 mg/5mg	|	SUSPENSION INYECTABLE, AMP. C/0.5 Ml Y JERINGA DESECHABLE	|	129.00	|	43.00	|	7502001162402	;
SON`S	|	MAGNIL INFANTIL JBE.	|	METAMIZOL SÒDICO 250 mg	|	JARABE CON FCO. 100 ml	|	55.00	|	18.33	|	0	;
SON`S	|	MECLISON GOTAS	|	MECLIZINA 8.3 mg/PIRIDOXINA 16.66	|	SOLUCION,CAJA C/FCO. DE 15 ml. Y GOTERO	|	35.50	|	11.83	|	7502001162518	;
SON`S	|	MECLISON TABS.	|	MECLIZINA 25 mg/PIRIDOXINA 50 mg	|	TABLETAS, CAJA C/20	|	46.50	|	15.50	|	7502001162525	;
SON`S	|	METROSON SUSP.	|	METRODINAZOL 250 mg/5 ml	|	SUSP. CAJA C/FCO. C/120 ml Y VASO DOSIFICADOR	|	60.50	|	20.17	|	7502001164611	;
SON`S	|	MI-KE-SON'S CREMA	|	KETOCONAZOL, 2.0 /100 g	|	CREMA, CAJA CON TUBO C/100 g	|	74.00	|	24.67	|	0	;
SON`S	|	NALIXONE TABS.	|	ACIDO NALIDIXICO/FENAZOPIRIDINA 500 mg/50 mg	|	TABS. CAJA C/ 20	|	134.50	|	44.83	|	7502001165533	;
SON`S	|	NEODERM- F CREMA	|	FLUOCINOLONA 0.010 g, NEOMICINA 0.350 g /100 g.	|	CREMA, CAJA C/TUBO DE 40 g	|	51.00	|	17.00	|	7502001166028	;
SON`S	|	NYSMOSON'S-V OVULOS	|	METRONIDAZOL, NISTATINA, FLUOCINOLONA 500 mg/ 100 000 U / 0.5 mg	|	OVULOS, CAJA C/1O	|	94.50	|	31.50	|	7502001164086	;
SON`S	|	OXIN INFANTIL JBE.	|	DEXTROMETORFANO SULFOGUAYACOL	|	CAJA CON FCO. 120 ML. Y VASITO DOSIFICADOR	|	64.50	|	21.50	|	7502001163119	;
SON`S	|	OXIN ADULTO JBE.	|	DEXTROMETORFANO SULFOGUAYACOL	|	CAJA CON FCO. 120 ML. Y VASITO DOSIFICADOR	|	65.50	|	21.83	|	7502001163065	;
SON`S	|	PHARBRIX ADULTO AMP.	|	TETRACICLINA 100 mg, LIDOCAINA 30 mg, CLORFENAMINA 10 mg, VITAMINA C 250 mg, GUAYACOL 100 mg	|	INY., CAJA C/1 FCO Y AMP . DE 3 ml	|	57.00	|	19.00	|	7502001163096	;
SON`S	|	PORAL GOTAS OFT.	|	CLORANFENICOL 1 g,  HIDROCORTIZONA 500 mg /100 Ml	|	SUSP. OFTALMICA, FRASCO GOTERO C/5 mL	|	79.00	|	26.33	|	7502001167513	;
SON`S	|	PRIMOSON- F AMP.	|	PROGESTERONA 50 mg,  ESTRADIOL BENZOATO 3 mg 	|	INY., CAJA C/ 1  AMP. DE 1 ml, JERINGA DESECHABLE	|	66.50	|	22.17	|	7502001166523	;
SON`S	|	RASPISON S UNGÛENTO	|	NEOMICINA 0.350 g,  RETINOL (PALMITATO DE VIT. A) 100, 000 UI/100 g 	|	UNGUENTO, CAJA C/TUBO CON 28 g 	|	44.00	|	14.67	|	7502001163874	;
SON`S	|	RIDIN ADULTO JBE.	|	DEXTROMETORFANO 0.150 g, CLORFENAMINA 0.020 g, GUAIFENESINA 2.0 g/100 Ml	|	JARABE, CAJA C/FCO DE 120 ml, VASO DOSIFICADOR	|	66.00	|	22.00	|	7502001163072	;
SON`S	|	RIDIN INFANTIL JBE.	|	DEXTROMETORFANO 0.1 g, CLORFENAMINA 0.01 g,  GUAIFENESINA 1.0 g/100 ml	|	JARABE, CAJA C/FCO DE 120 ml, VASO DOSIFICADOR	|	57.00	|	19.00	|	7502001163232	;
SON`S	|	SONS TABS.	|	DIFENIDOL, 25 mg	|	TABLETAS CAJA C/30	|	47.50	|	15.83	|	7502001162532	;
SON`S	|	SON´S PIRAL INFANTIL JBE.	|	PARACETAMOL 3.2 g/100 mL	|	JARABE, CAJA C/FCO CON 120 ml, VASO DOSIFICADOR	|	51.00	|	17.00	|	0	;
SON`S	|	SON'S PIRAL TAB.	|	PARACETAMOL 500 mg, 	|	TABLETAS, , CAJA C/10	|	29.00	|	9.67	|	0	;
SON`S	|	SONDEX-OF GOTAS	|	NEOMICINA 3.5 mg, DEXAMETAZONA 1 mg	|	SOLUCION OFT., CAJA CON FRASCO CON 5 mL Y TAPON GOTERO.	|	55.00	|	18.33	|	7502001167520	;
SON`S	|	SON´S COM TABS.	|	PARACETAMOL 500 mg, CAFEINA 25 mg, FENILEFRINA 5 mg, CLORFENAMINA 4 mg	|	TABLETAS, CAJA C/10	|	22.50	|	7.50	|	7502001162396	;
SON`S	|	SUNDIR SUSP.	|	NIMESULIDA 50 mg/5ml	|	SUSP. CAJA C/FCO. C/60 ml Y VASITO DOSIFICADOR.	|	56.50	|	18.83	|	0	;
SON`S	|	ZISUAL- C UNGÛENTO	|	LIDOCAINA 5 g, HIDROCORTISONA 0.25 g, OXIDO DE ZINC 18.0 g, SUBACETATO DE ALUMINIO 3.5 g /100 g	|	UNGÜENTO, CAJA C/TUBO CON 30 g Y 6 CANULAS 	|	73.00	|	24.33	|	7502001160507	;
NOVAG	|	ACETIF	|	PARACETAMOL, 500 mg	|	TABLETAS, CAJA C/10	|	16.90	|	5.63	|	0	;
NOVAG	|	ALUMAG SUSP.	|	HIDROXIDO DE ALUMINIO Y MAGNESIO 3.7 g/4.0 g	|	SUSP. FCO. C/240 ml Y VASO DOSIFICADOR	|	36.00	|	12.00	|	7501075710113	;
NOVAG	|	ANGENOVAG AEROSOL	|	DECALINIO,ENOXOLONA,LIDOCAINA	|	SOL. EN AERESOL BUCOFARINGEA, FCO. C/20 g	|	80.00	|	26.67	|	7501075710199	;
NOVAG	|	BONANOTI TABS.	|	DIFENHIDRAMINA, 50 mg	|	TABLETAS, CAJA C/8	|	30.00	|	10.00	|	7501075716849	;
NOVAG	|	CARPIN TABS. 200 MG	|	CARBAMAZEPINA, 200 mg	|	TABLETAS, CAJA C/20	|	55.00	|	18.33	|	7501075710724	;
NOVAG	|	CARPIN SUSP.	|	CARBAMAZEPINA	|	SUSP., CAJA C/120 Ml	|	57.00	|	19.00	|	7501075717884	;
NOVAG	|	CASEINCAL POLVO	|	CASEINATO DE CALCIO	|	POLVO, BOTE C/100 g	|	150.00	|	50.00	|	0	;
NOVAG	|	CIRULAN TABS.	|	METOCLOPRAMIDA, 10 mg	|	TABLETAS, CAJA C/20	|	21.00	|	7.00	|	7501075710786	;
NOVAG	|	CIRULAN GOTAS	|	METOCLOPRAMIDA, 4 mg/ml	|	SOL. ORAL, FCO. GOTERO C/20 mL	|	24.00	|	8.00	|	75006433	;
NOVAG	|	DANOVAG CÀPS. C/7	|	OMEPRAZOL, 20 mg	|	CAPSULAS, CAJA C/7	|	35.00	|	11.67	|	7501075711042	;
NOVAG	|	DEBISOR TABS. SUBL.	|	ISOSORBIDA, 5 mg	|	TABLETAS SUBLINGUALES, CAJA C/20	|	120.00	|	40.00	|	7501075711035	;
NOVAG	|	DEBISOR TABS. 	|	ISOSORBIDA, 10 mg	|	TABLETAS, CAJA C/20	|	21.00	|	7.00	|	7501075711011	;
NOVAG	|	ENOVAL TABS.	|	ENALAPRIL, 10 mg	|	TABLETAS,CAJA C/30	|	40.00	|	13.33	|	7501075711332	;
NOVAG	|	FANCIADAZOL TABS.	|	MEBENDAZOL, 100 mg	|	TABLETAS, CAJA C/6	|	18.00	|	6.00	|	7501075711615	;
NOVAG	|	FANCIADAZOL SUSP.	|	MEBENDAZOL, 2 g/30 ml	|	SUSPENSION ORAL, FCO. C/30 Ml	|	18.00	|	6.00	|	0	;
NOVAG	|	F-EXINA TABS.	|	FLUOXETINA, 20 mg	|	TABLETAS, CAJA C/20	|	147.00	|	49.00	|	7501075717518	;
NOVAG	|	GLUNOVAG TABS.	|	METFORMINA, 850 mg	|	TABLETAS, CAJA C/30	|	69.20	|	23.07	|	7501075717020	;
NOVAG	|	LAMBLIQUIN TABS.	|	DIYODOHIDROXIQUINOLEINA/ METRONIDAZOL	|	TABLETAS CAJA C/30	|	46.00	|	15.33	|	0	;
NOVAG	|	LAMBLIT TABS.	|	METRONIDAZOL 500 mg	|	TABLETAS, CAJA C/30	|	39.00	|	13.00	|	7501075713176	;
NOVAG	|	LAMBLIT SUSP. 120 ML 2.5 g.	|	METRONIDAZOL 125 ml/5.0 g.	|	SUSP., FCO. C/120 Ml	|	24.00	|	8.00	|	7501075713183	;
NOVAG	|	LAMBLIT SUSP. 120 ML 5 g.	|	METRONIDAZOL 250 ml/2.5 g.	|	SUSP. FCO. C/100 ml	|	40.00	|	13.33	|	7501075713107	;
NOVAG	|	LIZOVAG TABS.	|	KETOCONAZOL, 200 mg	|	TABLETAS, CAJA C/10	|	49.50	|	16.50	|	7501075717150	;
NOVAG	|	LIZOVAG CREMA	|	KETOCONAZOL, 2%	|	CREMA, TUBO DE 30 g	|	36.98	|	12.33	|	7501075713190	;
NOVAG	|	LORTAL TABS.	|	CLORTALIDONA, 50 mg	|	TABLETAS CAJA C/20	|	44.00	|	14.67	|	0	;
NOVAG	|	LOZARTIL CÀPS.	|	ITRACONAZOL, 100 mg	|	CAPSULAS, CAJA C/15	|	180.00	|	60.00	|	7501075717174	;
NOVAG	|	LUMINOVAG TABS.	|	QUINFAMIDA, 100 mg	|	TABLETAS, CAJA C/3 	|	51.65	|	17.22	|	7501075713169	;
NOVAG	|	MARZIVAG TABS	|	AZITROMICINA, 500 mg	|	TABLETAS, CAJA C/30	|	160.00	|	53.33	|	7501075718096	;
NOVAG	|	MINOVAG TABS.	|	SECNIDAZOL, 500 mg	|	TABLETAS, CAJA C/8	|	101.75	|	33.92	|	7501075713473	;
NOVAG	|	MUCIBRON SOL.	|	AMBROXOL, 0.3 g/100 Ml	|	SOLUCION, FCO. C/120 mL	|	68.70	|	22.90	|	0	;
NOVAG	|	NAMIFEN TABS.	|	ACIDO MEFENAMICO, 500 mg	|	TABLETAS, CAJA C/20	|	46.35	|	15.45	|	0	;
NOVAG	|	NIBEZVAG TABS.	|	BEZAFIBRATO 200 mg	|	TABLETAS, CAJA C/30	|	90.00	|	30.00	|	7501075718546	;
NOVAG	|	NINEKA SUSP.	|	NEOMICINA, CAOLIN, PECTINA 0.73 g/10 g/ 0.7 g	|	SUSPENSION, FRASCO C/75 Ml y vaso dosificador	|	76.20	|	25.40	|	7501075717914	;
NOVAG	|	NOVAGON POLVO PIÑA	|	PSYLLIUM PLANTAGO	|	POLVO, ENV. C/400 g, 49,7 g/100 g	|	170.00	|	56.67	|	7501075718676	;
NOVAG	|	NOVAGON POLVO	|	PSYLLIUM PLANTAGO	|	POLVO, ENV. C/400 g, 49,7 g/100 g	|	150.00	|	36.67	|	7501075713770	;
NOVAG	|	NOVAKEROL TABS.	|	KETOROLACO, 10 MG	|	TABLETAS, CAJA C/10	|	49.00	|	16.33	|	7501075716924	;
NOVAG	|	NOVAKOSID TABS.	|	SENOSIDOS A-B, 8.6 mg	|	TABLETAS, CAJA C/20	|	39.00	|	16.33	|	7501075717686	;
NOVAG	|	NOVAPRIN TABS.	|	DANAZOL, 100 mg	|	TABLETAS, CAJA C/50	|	330.00	|	110.00	|	0	;
NOVAG	|	NAVAPRES TABS.	|	CAPTOPRIL, 25 mg	|	TABLETAS, CAJA C/30	|	45.00	|	15.00	|	7501075713862	;
NOVAG	|	NOVASTEN TABS.	|	ASTEMIZOL, 10 mg	|	TABLETAS, CAJA C/10	|	46.20	|	15.40	|	0	;
NOVAG	|	NOVASTEN GOTAS	|	ASTEMIZOL, 2mg/mL	|	FCO. C/30 ml, GOTERO CALIBRADO	|	29.45	|	9.82	|	0	;
NOVAG	|	NOVAXEN TABS. C/30	|	NAPROXENO, 250 mg	|	TABLETAS, CAJA C/30	|	60.00	|	20.00	|	7501075713800	;
NOVAG	|	NOVAXEN TABS. C/45	|	NAPROXENO, 500 mg	|	TABLETAS, CAJA C/45	|	106.00	|	35.33	|	7501075717075	;
NOVAG	|	NOVAXEN SUSP.	|	NAPROXENO, 120 mg/2.5 Ml	|	FCO. C/100 Ml, CUCHARA DOSIFICAD.	|	60.00	|	20.00	|	7501075713886	;
NOVAG	|	NOVINA TABS.	|	PRAVASTATINA, 10 mg	|	TABLETAS, CAJA C/30	|	180.00	|	60.00	|	7501075716801	;
NOVAG	|	OXIVAG TABS.	|	ACIDO ALENDRONICO, 70 mg	|	TABLETAS, CAJA C/4	|	440.00	|	146.67	|	7501075717860	;
NOVAG	|	PIRINOVAG TABS.	|	METAMIZOL, 500 mg	|	TABLETAS, CAJA C/10	|	18.00	|	6.00	|	7501075714135	;
NOVAG	|	PRONTOL TABS.	|	METOPROLOL, 100 mg	|	TABLETAS, CAJA C/20	|	40.00	|	13.33	|	7501075714173	;
NOVAG	|	RAUDIL TABS. 150 MG	|	RANITIDINA, 150 mg	|	TABLETAS, CAJA C/20	|	30.00	|	10.00	|	0	;
NOVAG	|	RAUDIL TABS. 300 MG	|	RANITIDINA, 300 mg	|	TABLETAS, CAJA C/10	|	33.00	|	11.00	|	7501075717402	;
NOVAG	|	REGLUSAN TABS.	|	GLIBENCLAMIDA, 5 mg	|	TABLETAS, CAJA C/50	|	31.10	|	10.37	|	7501075714739	;
NOVAG	|	ROSATIL PASTA	|	OXIDO DE ZINC, 25%	|	PASTA, TARRO C/30 g	|	15.00	|	5.00	|	75006440	;
NOVAG	|	SULFAWAL-S SUSP.	|	TRIMETROPRIMA Y SULFAMETOXAZOL, 40/200 mg/5ml	|	SUSP. FCO. C/120 ml	|	34.90	|	11.63	|	7501075715088	;
NOVAG	|	URONOVAG TABS.	|	ACIDO PIPEMIDICO, 400 mg	|	TABLETAS, CAJA C20	|	56.20	|	18.73	|	7501075715606	;
NOVAG	|	VERMISEN TAB. 200 MG C/6	|	ALBENDAZOL, 200 mg	|	TABLETAS, CAJA C/6	|	16.95	|	5.65	|	7501075715927	;
NOVAG	|	VERMISEN TABS. 200 MG C/2	|	ALBENDAZOL, 200 mg	|	TABLETAS, CAJA C/2	|	5.65	|	1.88	|	0	;
NOVAG	|	VERMISEN SUSP.	|	ALBENDAZOL, 400 mg	|	SUSPENSION ORAL, FCO. C/30 Ml	|	14.00	|	5.65	|	75006471	;
NOVAG	|	FILPENVAG CAJA C/ SOBRES	|	SALES DE REHIDRATACION ORAL, SABOR FRESA	|	CAJA C/25 SOBRES C/27.9 g	|	127.00	|	69.50	|	0	;
BRULUART	|	ACIDO FOLICO G.I TABS.	|	ACIDO FOLICO, 5 mg	|	TABLETAS CAJA C/90	|	19.80	|	6.60	|	7501075718188	;
BRULUART	|	ADINOL GOTAS	|	PARACETAMOL, 100 mg/15 mL	|	FCO. C/10 ml, Y GOTERO	|	19.80	|	6.60	|	0	;
BRULUART	|	ADINOL SUSP.	|	PARACETAMOL, 3.2 g/100 Ml	|	FCO. C/120 mL, CUCHARA DOSIFIC.	|	56.00	|	18.67	|	7501537100612	;
BRULUART	|	ADRIBEL SUSP.	|	SALBUTAMOL-DEXTROMETORFANO	|	FCO. C/90 Ml	|	49.00	|	16.33	|	7501537165468	;
BRULUART	|	AGRIXAL CÀPS. 20 MG C/14	|	OMEPRAZOL, 20 mg	|	CAPSULAS, C/14	|	89.00	|	29.67	|	7502208892669	;
BRULUART	|	AGRIXAL CÀPS. 20 MG C/7	|	OMEPRAZOL, 20 mg	|	CAPSULAS, C/7	|	49.00	|	16.33	|	7502208892652	;
BRULUART	|	ALBENDAZOL G.I. TABS.	|	ALBENDAZOL 200 mg.	|	C/6 TABLETAS	|	27.00	|	9.00	|	0	;
BRULUART	|	ALOPURINOL, TAB. GI	|	ALOPURINOL, 100 mg	|	TABLETAS, CAJA C/10	|	49.80	|	16.60	|	7501537102104	;
BRULUART	|	AMECID, SUSP.	|	QUINFAMIDA, 1 g/30 Ml	|	FCO. C/30 ml, VASO DOSIFICADOR	|	68.00	|	22.67	|	0	;
BRULUART	|	AMECID, TAB.	|	QUINFAMIDA, 100 mg	|	TABLETAS,CAJA C/3	|	68.00	|	22.67	|	0	;
BRULUART	|	AMOXICILINA, CAP. GI (DIMOPEN) CÀPS.	|	AMOXICILINA, 500 mg	|	CAPSULAS, CAJA C/12	|	69.00	|	23.00	|	7502208892232	;
BRULUART	|	AMOXICILINA, SUSP. GI	|	AMOXICILINA 250 mg G.I.	|	FCO. C/60 Ml.	|	56.00	|	18.67	|	7502208892294	;
BRULUART	|	AMOXICILINA, SUSP. G.I.	|	AMOXICILINA 500 mg G.I.	|	FCO. C/60 Ml.	|	78.00	|	26.00	|	7502208892287	;
BRULUART	|	BIOMOXIN TABS.	|	DOXICICLINA, 100 mg	|	TABLETAS, CAJA C/10	|	85.00	|	28.33	|	0	;
BRULUART	|	BRUCARCER TABS	|	CARBAMAZEPINA 200 mg	|	CAJA C/20 TABS.	|	48.00	|	16.00	|	0	;
BRULUART	|	BRUBIOL, TAB.	|	CIPROFLOXACINO 500 MG, TAB.	|	CAJA C/10	|	98.00	|	32.67	|	0	;
BRULUART	|	BRUDEX, G.I. JBE.	|	DEXTROMETORFANO, 300 mg/100 mL	|	JARABE, CAJA C/FCO. CON 120 ml, VASO DOSIFICADOR	|	35.75	|	11.92	|	0	;
BRULUART	|	BRUDIFEN, G.I. JBE.	|	DIFENHIDRAMINA, 250 mg/100 Ml	|	JARABE, CAJA C/FCO. CON 150 ml Y VASO DOSIFICADOR	|	24.00	|	8.00	|	0	;
BRULUART	|	BRULIN G.I. AMP.	|	DEXAMETAZONA 8 mg	|	INYECTABLE, CAJA C/3 AMP.	|	55.00	|	18.33	|	7501537102586	;
BRULUART	|	BRUPEN G.I. CÀPS.	|	AMPICILINA 500 mg	|	CAPSULAS, CAJA C/20	|	85.00	|	28.33	|	7502208892751	;
BRULUART	|	BRUPEN 250 SUSP. G.I.	|	AMPICILINA, 250 mg/5 Ml	|	SUSPENSION, FCO. C/POLVO P/90 ml, VASO DOSIFICADOR	|	57.00	|	19.00	|	7502208891617	;
BRULUART	|	BRUPEN COMPUESTO G.I.SUSP.	|	AMPICILINA/BROMHEXINA 250/8 mg/5 ml	|	SUSPENSION, CAJA C/FCO. CON POLVO P/90 ml, VASO DOSIFICADOR	|	54.00	|	18.00	|	0	;
BRULUART	|	BRUPROXEN TABS.	|	NAPROXENO 500 mg	|	TABLETAS, CAJA C/10	|	57.00	|	19.00	|	0	;
BRULUART	|	BRUCARCER TABS.	|	CARBAMAZEPINA, 200 mg	|	TABLETAS, CAJA C/20	|	48.00	|	16.00	|	0	;
BRULUART	|	BRUCAM TABS.	|	PIROXICAM 20 mg	|	CAJA C/ 20 TABS.	|	33.00	|	11.00	|	0	;
BRULUART	|	BRUCILINA CAP. G.I. CÀPS.	|	AMPICILINA/DICLOXACILINA 250/125 mg	|	CAPSULAS, C/12	|	62.00	|	20.67	|	7502208892416	;
BRULUART	|	BRUCILINA G.I. SUSP.	|	AMPICILINA/DICLOXACILINA 125/62.5 mg/5 ml	|	SUSPENSION, CAJA C/FCO. CON POLVO P/60 ml, VASO DOSIFICADOR	|	48.00	|	16.00	|	7502208892706	;
BRULUART	|	BRUMAX CÀPS.	|	AMOXICILINA/AMBROXOL 500/30 mg	|	CAPSULAS, C/12	|	75.00	|	25.00	|	7502208892430	;
BRULUART	|	BRUMAX SUSP.	|	AMOXICILINA/AMBROXOL 250/15 mg/5 Ml	|	SUSPENSION, CAJA C/FCO. CON POLVO P/90 ml, VASO DOSIFICADOR	|	75.00	|	25.00	|	7502208892676	;
BRULUART	|	BRUNACOL TABS.	|	KETOROLACO 10 mg	|	TABLETAS, CAJA C/10	|	54.00	|	18.00	|	0	;
BRULUART	|	BRUNADOL TABS.	|	PARACETAMOL/NAPROXENO, 300 mg/275 mg	|	TABLETAS, CAJA C/10	|	49.00	|	16.33	|	7501537166311	;
BRULUART	|	BRUNADOL SUSP.	|	PARACETAMOL/NAPROXENO, 100 mg/125 mg/5 Ml	|	SUSPENSION, CAJA C/FCO. CON 100 ml Y CUCHARITA	|	69.00	|	23.00	|	7501537100490	;
BRULUART	|	BRUPACIL AMP.	|	BUTILHIOSCINA 20 mg	|	SOL. INYECTABLE, CAJA C/3AMP.	|	38.00	|	12.67	|	7501537102531	;
BRULUART	|	BRUPACIL COMP. GRAG.	|	BUTILHIOSCINA/METAMIZOL 10mg /250 mg	|	CAJA C/10 GRAGEAS	|	32.00	|	10.67	|	7501537102135	;
BRULUART	|	BRUPACIL COMPUESTO AMP. C/1	|	BUTILHIOSCINA/METAMIZOL SODICO 20 mg / 2.5 g	|	SOL. INYECTABLE, CAJA C/1 AMP.	|	29.80	|	9.93	|	0	;
BRULUART	|	BRUPACIL COMPUESTO AMP. C/3	|	BUTILHIOSCINA/METAMIZOL SODICO 	|	AMP., CAJA C/3	|	72.00	|	24.00	|	0	;
BRULUART	|	BRU-VI-MIN GERIATRICO CÀPS.	|	SUPLEMENTO ALIMENTICIO	|	CAPSULAS, CAJA C/30	|	98.00	|	32.67	|	0	;
BRULUART	|	BRUVIT 9 MESES CÀPS.	|	SUPLEMENTO ALIMENTICIO	|	CAPSULAS, CAJA C/30	|	125.00	|	41.67	|	0	;
BRULUART	|	BRUVIT Q10 CÀPS.	|	SUPLEMENTO ALIMENTICIO: VITAMINAS, MINERALES Y COENZIMA	|	CAPSULAS, CAJA C/30	|	175.00	|	58.33	|	0	;
BRULUART	|	BRUVIT E 500 CÀPS.	|	ACEITE DE GERMEN DE TRIGO	|	C/30 CAPS	|	95.00	|	31.67	|	0	;
BRULUART	|	BUTIMAXIL, CAPS. G.I.	|	DICLOXACILINA, 500 mg	|	CAPSULAS C/20	|	123.00	|	41.00	|	7502208892737	;
BRULUART	|	BUTIMAXIL, SUSP. G.I.	|	DICLOXACILINA, 250 mg	|	SUSPENSION, FCO. C/60 ml	|	59.90	|	19.97	|	0	;
BRULUART	|	CAPTOPRIL TABS. BRUCAP	|	CAPTOPRIL 25 mg	|	CAJA  C/30 TAB.	|	55.00	|	18.33	|	7501537102142	;
BRULUART	|	CEFACLOR G.I.,(BIXELOR-C) CÀPS. 250 MG	|	CEFACLOR, 250 mg	|	CAPSULAS, FCO. C/15	|	199.00	|	66.33	|	0	;
BRULUART	|	CEFACLOR G.I.,(BIXELOR-C) CÀPS. 500 MG	|	CEFACLOR, 500 mg	|	CAPSULAS, FCO. C/15	|	330.00	|	110.00	|	0	;
BRULUART	|	CEFACLOR G.I. (Bixelor) SUSP. 125 MG	|	CEFACLOR 125 mg	|	SUSP. FCO.  C/POLVO P/75 ml	|	139.00	|	46.33	|	0	;
BRULUART	|	CEFACLOR,G.I.(Bixelor). SUSP. 250 MG	|	CEFACLOR, 250 mg	|	SUSP., FCO. C/ POLVO P/75 ml	|	219.00	|	73.00	|	0	;
BRULUART	|	CLAVIPEN G.I. TABS. C/10	|	AMOXICILINA/AC.CLAV. 500 mg/125 mg	|	TABLETAS, CAJA C/FCO. C/10	|	147.00	|	49.00	|	7502208892195	;
BRULUART	|	CLAVIPEN G.I.TABS. C/15	|	AMOXICILINA/AC. CLAV. 500 mg/ 125 mg	|	FCO. CON 15 TABS.	|	220.00	|	73.33	|	0	;
BRULUART	|	CLAVIPEN 12 HRS. G.I. TABS.	|	AMOXICILINA/AC.CLAV. 875 mg/125 mg	|	TABLETAS, CAJA C/FCO. CON 10 	|	185.00	|	61.67	|	0	;
BRULUART	|	CLAVIPEN 125 SUSP G.I. SUSP.	|	AMOXICILINA/AC.CLAVULONICO 125/125 mg	|	SUSPENSION, FCO./60 Ml	|	82.00	|	27.33	|	0	;
BRULUART	|	CLAVIPEN 250 SUSP G.I.	|	AMOXICILINA/AC.CLAVULONICO 250/125 mg	|	SUSPENSION, FCO./60 Ml	|	125.00	|	41.67	|	0	;
BRULUART	|	DICLOFENACO INY C/4 (NEDICLON)	|	DICLOFENACO SODICO 75.0 Mg	|	CAJA c/4 INY CON 3 M	|	59.80	|	19.93	|	0	;
BRULUART	|	DICLOFENACO INY C/2 (NEDICLON)	|	DICLOFENACO SODICO 75.0 Mg	|	 INY. IM. CAJA C/2	|	35.00	|	11.67	|	7501537102593	;
BRULUART	|	DICLOFENACO, TAB. GI (NEDICLON) GRAG.	|	DICLOFENACO, 100 mg	|	GRAGEAS DE LIBERACION PROLONGADA, CAJA C/20	|	45.00	|	15.00	|	7501537102845	;
BRULUART	|	DIFENHIDRAMINA JBE. (BRUDIFEN)	|	DIFENHIDRAMINA… 250 MG	|	FCO. C/120 Ml	|	24.00	|	8.00	|	0	;
BRULUART	|	DINORAX TABS. 850 Mg	|	METFORMINA 850	|	CAJA C/30 TABS	|	69.80	|	23.27	|	0	;
BRULUART	|	DINORAX-C TABS 500 MG/2.5 MG	|	METFORMINA, GLIBENCLAMIDA 500 MG/2.5 MG	|	CAJA C/30 TABS	|	54.00	|	18.00	|	0	;
BRULUART	|	DINORAX-C TABS 500 MG/5 MG	|	METFORMINA, GLIBENCLAMIDA 500 MG/5 MG	|	CAJA C/30 TABS	|	58.00	|	19.33	|	0	;
BRULUART	|	DEXTROMETORFANO G.I JBE.	|	DEXTROMETORFANO 500 mg 	|	JARABE, 300 mg/ 120 ml 	|	35.00	|	11.67	|	0	;
BRULUART	|	DIPRASID TABS.	|	METOCLOPRAMIDA, 10 mg	|	TABLETAS, C/30	|	25.00	|	8.33	|	0	;
BRULUART	|	ERIWEST TABS.	|	ERITROMICINA/BROMHEXINA 500/8 mg	|	TABLETAS CAJA C/10	|	75.00	|	25.00	|	0	;
BRULUART	|	FLORASIL PERLAS	|	LACTOBACILIOS ACIDOFILOS	|	CAJA C/40 PERLAS	|	109.80	|	36.60	|	0	;
BRULUART	|	GENTAMIL  G.I. AMP. 80 MG C/1	|	GENTAMICINA 80 mg/2 mL	|	INYECTABLE,C/1 AMPOLLETA	|	19.80	|	6.60	|	0	;
BRULUART	|	GENTAMIL  G.I. AMP. 80 MG C/5	|	GENTAMICINA 80 mg/2 mL	|	INYECTABLE,C/5 AMPOLLETAS	|	58.80	|	19.60	|	7501537102647	;
BRULUART	|	GENTAMIL  G.I. AMP. 160 MG C/5	|	GENTAMICINA 160 mg/2 mL	|	INYECTABLE, CAJA C/5 AMPOLLETA DE 2 ml	|	79.80	|	26.60	|	7501537102654	;
BRULUART	|	HIDROCORTIZONA, AMP.	|	HIDROCORTIZONA 500 mg	|	AMPOLLETA I.M. 	|	160.00	|	53.33	|	7501537102272	;
BRULUART	|	IRETRON TAB.	|	ERITROMICINA 500 mg	|	CAJA C/20 TAB.	|	98.80	|	32.96	|	7501537179717	;
BRULUART	|	KLAMOXIL CÀPS.	|	CLINDAMICINA, 300 mg	|	CAPSULAS, CAJA C/16	|	138.00	|	46.00	|	7501537181338	;
BRULUART	|	KLAMOXIL AMP. C/1	|	CLINDAMICINA, 300 mg 	|	SOLUCION INYECTABLE CAJA C/1 AMPOLLETA DE 2 ml	|	65.00	|	21.67	|	7501537102562	;
BRULUART	|	LERGIBRUMIZOL SUSP.	|	ASTEMIZOL	|	FCO. C/30 ML	|	45.00	|	15.00	|	0	;
BRULUART	|	LERGIBRUMIZOL TAB.	|	ASTEMIZOL, 100 mg	|	CAJA C/10	|	30.00	|	10.00	|	0	;
BRULUART	|	LUGAXIL 400 000 AMP.	|	BENCILPENICILINA PROCAINICA/BENCILPENICILINA CRISTALINA, 400 000 U	|	SUSP. INYEC., CAJA C/FCO. AMPULA C/POLVO Y AMPOLLETA DE 2 ml	|	21.00	|	7.00	|	7502208892249	;
BRULUART	|	LUGAXIL 800 000 AMP.	|	BENCILPENICILINA PROCAINICA/BENCILPENICILINA CRISTALINA, 400 000 U	|	SUSP. INYEC., CAJA C/FCO. AMPULA C/POLVO Y AMPOLLETA DE 2 ml	|	24.00	|	8.00	|	7502208892256	;
BRULUART	|	NIXELAF, CAPSULAS G.I.	|	CEFALEXINA, 500 mg	|	CAPSULAS CAJA C/20	|	120.00	|	40.00	|	7502208891891	;
BRULUART	|	NIXELAF 125, SUSP. G.I.	|	CEFALEXINA, 125 mg/5 ml	|	SUSPENSION, FCO. C/POLVO P/100 ml, VASO DOSIFICADOR	|	57.00	|	19.00	|	0	;
BRULUART	|	NIXELAF 250, SUSP. G.I.	|	CEFALEXINA, 250 mg/5 ml	|	SUSPENSION, FCO. C/POLVO P/100 ml, VASO DOSIFICADOR	|	90.00	|	30.00	|	7502208892324	;
BRULUART	|	NORAPRED, TAB 5 mg	|	PREDNISONA G.I, 5 mg	|	TABLETAS CAJA C/20	|	35.00	|	11.67	|	7501537102388	;
BRULUART	|	NORAPRED, TAB. 50 mg	|	PREDNISONA G.I, 50 mg	|	TABLETAS CAJA C/20	|	120.00	|	40.00	|	7501537102395	;
BRULUART	|	METOPROLOL G.I.	|	METOPROLOL,100 mg	|	TABLETAS CAJA C/20	|	37.00	|	12.33	|	7501537102319	;
BRULUART	|	MUCOXINA, TAB.  G.I.	|	AMOXICILINA/BROMHEXINA 500/8 mg	|	CAPSULAS CAJA C/12	|	69.00	|	23.00	|	7502208892744	;
BRULUART	|	MUCOXINA, SUSP.	|	AMOXICILINA/BROMHEXINA 250/8 mg/5 ml	|	SUSPENSION, FCO. C/POLVO P/90 ml, VASO DOSIFICADOR	|	69.00	|	23.00	|	7502208892683	;
BRULUART	|	KARMIN 500, G.I. AMP. 	|	AMIKACINA G.I., 500 mg	|	AMPOLLETA I.M. CAJA C/5	|	160.00	|	53.33	|	7501537102500	;
BRULUART	|	KARMKIN 500 C/1	|	AMICACINA G.I. 500 mg	|	AMPOLLETA I.M. CAJA C/1	|	65.00	|	21.67	|	7501537102494	;
BRULUART	|	KARMIN 100, G.I. AMP. C/5	|	AMIKACINA G.I., 100 mg	|	AMPOLLETA I.M. CAJA C/5	|	90.00	|	30.00	|	7501537102487	;
BRULUART	|	KARMIN 100, G.I. AMP.C/1	|	AMIKACINA G.I. 100 mg	|	AMPOLLETA CAJA C/ 1	|	29.80	|	9.93	|	7501537102470	;
BRULUART	|	KY6 TABS.	|	PARACETAMOL 500 mg, CAFEINA 25 mg, FENILEFRINA 5 mg, CLORFENAMINA 4 mg	|	TABLETAS, CAJA C/10 	|	19.50	|	6.50	|	7501537184711	;
BRULUART	|	OXOLBRUL ADULTO	|	AMBROXOL/DEXTROMETORFANO	|	JARABE 120 Ml	|	45.00	|	15.00	|	7501537165475	;
BRULUART	|	OXOLBRUL INFANTIL	|	AMBROXOL/DEXTROMETORFANO	|	JARABE 120 Ml	|	39.80	|	13.27	|	7501537105471	;
BRULUART	|	OXOLVAN SOL.	|	AMBROXOL, 0.3 g/100 Ml	|	SOLUCION,CAJA C/FCO. CON 120 ml	|	42.00	|	14.00	|	7501537101886	;
BRULUART	|	OXOLVAN C, JBE.	|	AMBROXOL-CLEMBUTEROL 150 mg/0.1 mg/120 ml	|	JARABE, CAJA C/FCO. CON 120 ml Y VASO DOSIFICADOR	|	39.80	|	13.27	|	7501537162214	;
BRULUART	|	OXOLVAN C, GOTAS	|	AMBROXOL-CLEMBUTEROL 750 mg/0.5 mg/20 ml	|	JARABE, CAJA C/FCO. CON 20 ml Y GOTERO	|	45.00	|	15.00	|	7501537102210	;
BRULUART	|	OXOLVAN TABS.	|	AMBROXOL 30 mg	|	CAJA C/ 20 TABS.	|	37.50	|	12.50	|	7501537102111	;
BRULUART	|	PORTEM TABS 500 MG	|	PARACETAMOL 500 MG 	|	CAJA C/10 TAB.	|	14.80	|	4.93	|	7501537102357	;
BRULUART	|	PORTEM TABS 750 Mg	|	PARACETAMOL 750 MG 	|	CAJA C/10 TABS	|	23.80	|	7.93	|	0	;
BRULUART	|	SALBUTAMOL, JBE. G.I.	|	SALBUTAMOL 40 mg/100 Ml	|	JBE., FCO. C/120 Ml	|	35.00	|	11.67	|	0	;
BRULUART	|	SOLTRIM, TAB. F	|	TRIMETROPRIMA/SULFAMETOXAZOL, 160/800 mg	|	TABLETAS, CAJA C/14 	|	42.00	|	14.00	|	7501537189747	;
BRULUART	|	SOLTRIM TABS	|	TRIMETROPRIMA/SULFAMETOXAZOL 80/400	|	TABLETAS, CAJA C/20 TAB.	|	38.00	|	12.67	|	7501537102449	;
BRULUART	|	SOLTRIM-F, SUSP. G.I.	|	TRIMETROPRIMA/SULFAMETOXAZOL, 0.8 g/4.0 g /100 Ml	|	SUSPENSION, FCO. C/120 Ml	|	42.00	|	14.00	|	7501537102067	;
BRULUART	|	TRIBEDOCE TAB.G.I.	|	TIAMINA/PIRIDOXINA/CIANOCOBALAMINA	|	TABLETAS, CAJA C/30	|	28.50	|	9.50	|	7501537102180	;
BRULUART	|	TRIBEDOCE 50,000 AMP.	|	HIDROXICOBALAMINA/TIAMINA/PIRIDOXINA	|	AMP. IM., C/5,  JERINGA	|	135.00	|	45.00	|	7501537182960	;
BRULUART	|	TRIBEDOCE COMPUESTO AMP.	|	TIAMINA/PIRIDOXINA/CIANOCOBALAMINA/DICLOFENACO	|	AMP. IM., C/3, JERINGA	|	125.00	|	41.67	|	7501537163266	;
BRULUART	|	TRIBEDOCE COMPUESTO TAB	|	TIAMINA/PIRIDOXINA/CIANOCOBALAMINA/DICLOFENACO	|	TABLETAS CAJA C/30	|	89.00	|	29.67	|	7501537164713	;
BRULUART	|	TRIBEDOCE DX AMP.	|	COMPLEJO B/DEXAMETASONA/LIDOCAINA	|	AMP. IM. CAJA C/3	|	145.00	|	48.33	|	7501537100452	;
BRULUART	|	TRIXONA AMP. 500 mg.	|	CEFTRIAXONA 500 mg.	|	INYECTABLE I.M.,  CAJA C/1 AMP.	|	105.00	|	16.00	|	7502208891235	;
BRULUART	|	TRIXONA AMP. 1G	|	CEFTRIAXONA, 1.0 g	|	INYECTABLE I.M.,  CAJA C/1 AMP.	|	198.00	|	16.00	|	7502208891228	;
BRULUART	|	TEROXINA CÀPS.	|	CEFADROXILO 500 mg	|	CAPSULAS, CAJA C/500 Mg	|	180.00	|	60.00	|	7502208892621	;
BRULUART	|	TEROXINA SUSP.	|	CEFADROXILO 250 mg	|	SUSPENSION, FRASCO CON 100 Ml	|	135.00	|	45.00	|	7502208892188	;
BRULUART	|	ULCEVIT TABS. 150 Mg	|	RANITIDINA 150 Mg	|	CAJA 20, GRAG.	|	39.80	|	13.27	|	7501537102401	;
BRULUART	|	ULCEVIT TABS. 300 Mg	|	RANITIDINA 300 Mg	|	CAJA C/20 GRAG.	|	39.80	|	13.27	|	7501537102418	;
BRULUART	|	VANTOXYL TABS.	|	PENTOXIFILINA 400 mg	|	TABLETAS, CAJA C/30	|	109.00	|	36.33	|	7501537151010	;
BRULUART	|	WESTEPIRON AMP.	|	METAMIZOL SODICO 1.0 mg	|	INYECTABLE, C/3 AMP. DE 2 ml	|	37.00	|	12.33	|	7501537102661	;
BRULUART	|	WESTEPIRON JBE.	|	METAMIZOL SODICO, 5 g/100 mL	|	JARABE, FCO. CON 1O0 ml Y VASO DOSIFICADOR	|	49.00	|	16.33	|	7501537100605	;
BRULUART	|	WESTENICOL CÀPS.	|	CLORAMFENICOL, 500 mg	|	CAPSULAS, CAJA C/20	|	89.80	|	29.93	|	0	;
AMSA	|	AMCEF AMP. 500 MG	|	CEFTRIAXONA 500 mg INY. FCO.AMP. C/2 mL.	|	NODISP	|	250.00	|	17.00	|	0	;
AMSA	|	AMCEF AMP. 1 G	|	CEFTRIAXONA 1g AMP. I.M.. FCO. AMP./ 3.5 mL.	|	NODISP	|	350.00	|	18.00	|	7501349022003	;
AMSA	|	CEFTRIAXONA G.I. AMP. 500 MG	|	CEFTRIAXONA 500 mg INY. FCO.AMP. C/2mL.	|	NODISP	|	250.00	|	17.00	|	0	;
AMSA	|	CEFTRIAXONA G.I. AMP. 1 G I.M	|	CEFTRIAXONA 1g AMP. I.M.. FCO. AMP/3.5 mL.	|	NODISP	|	350.00	|	18.00	|	0	;
AMSA	|	CEFTRIAXONA IV, G.I. AMP. 1 G I.V	|	CEFTRIAXONA 1g AMP. I.V.. FCO. AMP/3.5 mL.	|	NODISP	|	350.00	|	20.00	|	0	;
AMSA	|	AMSATI CÀPS.	|	AZITROMICINA 500 mg C/3 CAPSULAS	|	NODISP	|	300.00	|	36.00	|	0	;
AMSA	|	AMSAXILINA SUSP.	|	AMOXICILINA 500 mg/5 mL SUSP.	|	NODISP	|	100.00	|	25.00	|	0	;
AMSA	|	AMOXICILINA G.I SUSP.	|	AMOXICILINA, SUSP. 500 mg/5 mL FCO. CON 75 mL 	|	NODISP	|	100.00	|	25.00	|	0	;
AMSA	|	AMPICILINA INY 500 MG G.I. 	|	AMPICILINA 500 mg. INY. FCO. AMP/ 2 mL.	|	NODISP	|	30.00	|	10.00	|	7501349021051	;
AMSA	|	AMSAPEN  INY. 500 mg	|	AMPICILINA 500 mg./ 2 ml.	|	NODISP	|	40.00	|	40.00	|	7501349011052	;
AMSA	|	AMSAPEN INY. 1 G	|	AMPICILINA 1 g, SOL. INY., FCO. C/POLVO Y AMP. C/5 Ml	|	NODISP	|	45.00	|	15.00	|	0	;
AMSA	|	AMPICILINA INY. 1 G  G.I.	|	AMPICILINA 1 g, SOL. INY., FCO. C/POLVO Y AMP. C/5 Ml	|	NODISP	|	45.00	|	15.00	|	7501349021037	;
AMSA	|	AMIKACINA PEDIATRICO INY. 100 MG C/1	|	AMIKACINA INY., 100 mg/2 ml, CAJA C/1 AMP.	|	NODISP	|	35.00	|	8.00	|	7501349020238	;
AMSA	|	AMIKACINA PEDIATRICO INY. 100 MG C/2	|	AMIKACINA INY., 100 mg/2 ml, CAJA C/2 AMP.	|	NODISP	|	78.00	|	12.00	|	0	;
AMSA	|	AMIKACINA ADULTO INY. 500 MG C/1	|	AMIKACINA INY., 500 mg/2 ml, CAJA C/1 AMP.	|	NODISP	|	130.00	|	12.00	|	7501125122620	;
AMSA	|	AMLODIPINO G.I. TABS.	|	BESILATO DE AMLODIPINO, TABLETAS 5 mg CAJA C/10 	|	NODISP	|	140.50	|	13.00	|	7501349028210	;
AMSA	|	BENCILPENICILINA BENZATINICA COMINADA G.I. 1200,000 AMP.	|	BENZATINA BENCILPENICILINA = 600, 000 U DE BENCILPENICILINA, BENCILPENICILINA PROCAINICA = 300 000 U DE BENCILPENICILINA, BENCILPENICILINA CRISTALINA = 300 000 U DE BENCILPENICILINA. INY. FCO AMP/3 Ml	|	NODISP	|	46.00	|	11.50	|	7501349015074	;
AMSA	|	BENCELIN COMBINADO  1200, 000 AMP.	|	BENZATINA BENCILPENICILINA EQUIV. A 600, 000 U DE BENCILPENICILINA, BENCILPENICILINA PROCAINICA EQUIV. A 300 000 U DE BENCILPENICILINA, BENCILPENICILINA CRISTALINA EQUIV. A 300 000 U DE BENCILPENICILINA. INYECTABLE FCO. AMP/3 Ml	|	NODISP	|	46.00	|	11.50	|	7501349015081	;
AMSA	|	BROMEL CÀPS.	|	AMOXICILINA/BROMHEXINA 500 mg/8 mg, CAPSULAS CAJA C/12	|	NODISP	|	100.00	|	25.00	|	0	;
AMSA	|	CLINDAMICINA G.I. 600 MG C/1	|	CLINDAMICINA 600 mg CAJA C/1 AMP. DE 4 Ml	|	NODISP	|	100.00	|	17.50	|	0	;
AMSA	|	CLINDAMICINA G.I. 600 MGC/5	|	CLINDAMICINA 600 mg CAJAC/5 AMP. DE 4 MI	|	NODISP	|	360.00	|	56.00	|	7501349021044	;
AMSA	|	CLINDAMICINA G.I. 300 MG C/1	|	CLINDAMICINA 300 mg CAJA C/1 AMP. DE 4 mL	|	NODISP	|	75.00	|	17.00	|	7501349020023	;
AMSA	|	CEFUROXIMA G.I . AMP. 750 MG	|	CEFUROXIMA 750 mg I.M.C/1 AMP. 5 Ml	|	NODISP	|	250.00	|	35.00	|	7501349021457	;
AMSA	|	DEXAMETAZONA, G.I. AMP.	|	DEXAMETAZONA, G.I., 8 mg AMP. C/2 mL	|	NODISP	|	33.00	|	8.00	|	0	;
AMSA	|	DICLOXACILINA INY. 500 mg G.I.	|	DICLOXACILINA INY. 500 mg /5 mL	|	NODISP	|	32.00	|	21.00	|	0	;
AMSA	|	DICLOXACILINA G.I CÀPS.	|	DICLOXACILINA 500 mg CAJA C/20 CAPS. 	|	NODISP	|	111.00	|	39.00	|	0	;
AMSA	|	FENIT AMP.	|	CEFTAZIDIMA 1.0 g, SOL. INY. I.M., CAJA C/FCO.	|	NODISP	|	250.00	|	38.00	|	0	;
AMSA	|	CEFTAZIDIMA AMSA	|	CEFTAZIDIMA 1.0 g, SOL. INY. I.M., CAJA C/FCO.	|	NODISP	|	250.00	|	38.00	|	7501349022539	;
AMSA	|	FOT-AMSA AMP.	|	CEFOTAXIMA 1.0 G, SOL. INY. I.M. , CAJA C/1	|	NODISP	|	300.00	|	35.00	|	0	;
AMSA	|	CEFOTAXIMA AMSA	|	CEFOTAXIMA 1.0 G, SOL. INY. I.M. , CAJA C/1	|	NODISP	|	300.00	|	35.00	|	7501349022157	;
AMSA	|	CEFOTAXIMA, AMP. G.I. 500	|	CEFOTAXIMA 500.0 G, SOL. INY. I.M. , CAJA C/1	|	NODISP	|	200.00	|	18.00	|	7501349021150	;
AMSA	|	CEFOTAXIMA, AMP. G.I. 1	|	CEFOTAXIMA 1.0 G, SOL. INY. I.M. , CAJA C/1	|	NODISP	|	300.00	|	35.00	|	7501349022157	;
AMSA	|	KETOROLACO, G.I. AMP.	|	KETOROLACO 30 mg/mL CAJA C/3 AMP. DE 1 mL	|	NODISP	|	154.00	|	23.00	|	0	;
AMSA	|	METAMIZOL SODICO, G.I. AMP.	|	METAMIZOL SODICO 1.0 g, SOL. INY. I.M.CAJA C/3 AMP. DE 2 mL	|	NODISP	|	40.00	|	12.00	|	7501349022430	;
AMSA	|	NAFAZOLINA SOL. OFT. G.I	|	NAFAZOLINA SOL. OFT. G.I	|	NODISP	|	36.30	|	20.00	|	7501349027657	;
AMSA	|	SOLURAL  ELECTROLITOS	|	SOL. ORAL,FCO. C/500 ml. PIÑA,COCO, MANZANA, DURAZNO	|	NODISP	|	27.80	|	12.00	|	7501349011601	;
AMSA	|	PENIPOT AMP. 400	|	BENCILPENICILINA PROCAINICA CON BENCILPENICILINA CRISTALINA, INY. 400, 000 UI, FCO. AMP.C/ 2 mL	|	NODISP	|	40.00	|	7.00	|	7501349012172	;
AMSA	|	PENIPOT AMP 800	|	BENCILPENICILINA PROCAINICA CON BENCILPENICILINA CRISTALINA, INY. 800, 000 UI, FCO. AMP.C/ 2 mL	|	NODISP	|	50.00	|	8.00	|	7501349011175	;
AMSA	|	RANITIDINA G.I. AMP.	|	RANITIDINA INY., 50 mg/2 mL CAJA C/ 5 AMPOLLETAS DE 2 ml	|	NODISP	|	80.00	|	20.00	|	7501349028425	;
AMSA	|	TOXOL CÀPS.	|	AMOXICILINA/AMBROXOL, 500 mg/ 30 mg CAPSULAS CAJA C/12	|	NODISP	|	96.00	|	29.00	|	0	;
OFFENBACH	|	ALERMI TABS.	|	ASTEMIZOL 10 mg	|	TABLETAS, CAJA C/10	|	48.00	|	16.00	|	0	;
OFFENBACH	|	BENZONATATO G.I. PERLAS	|	BENZONATATO G.I., 100 mg	|	PERLAS, CAJA C/20	|	69.00	|	23.00	|	0	;
OFFENBACH	|	ERGOMICON CREMA	|	KETOCONAZOL, 2.0 g/100 g	|	CREMA, CAJA C/TUBO C/30 g	|	60.00	|	20.00	|	0	;
OFFENBACH	|	CARBAMOX TABS.	|	METOCARMABOL-Acido acetil salicilico 400-325 mg	|	TABLETAS, CAJA CON 18	|	63.00	|	21.00	|	0	;
OFFENBACH	|	CORTILONA CREMA	|	Ac. Flucinolona 0,01 g/100 g	|	CREMA, CAJA C/TUBO C/30 g	|	57.00	|	19.00	|	0	;
OFFENBACH	|	DEXNE-NAS GOTAS	|	DEXAMETASONA 1.0 mg-NEOMICINA 3.5 mg-FENILEFRINA 2.5 mg/ 1.0 mL	|	GOTAS NASALES, /FCO. GOTERO C/10 mL	|	60.00	|	20.00	|	0	;
OFFENBACH	|	DEXNE-OTICO GOTAS	|	DEXAMETASONA 1.0 mg-NEOMICINA 3.5 mg-LIDOCAINA 15.0 mg/1.0 mL	|	GOTAS OTICAS, /FCO. GOTERO C/10 mL	|	60.00	|	20.00	|	7502004401508	;
OFFENBACH	|	DEXNE-OFTALMICO	|	DEXAMETASONA 100 mg-NEOMICINA 500 mg/100 mL	|	GOTAS OFTALMICAS, /FCO. GOTERO C/10 mL	|	54.00	|	18.00	|	0	;
OFFENBACH	|	FENICOL OFTALMICO GOTAS	|	CLORANFENICOL, 5 mg/Ml	|	GOTAS OFTALMICAS, /FCO. GOTERO C/10 mL	|	51.00	|	17.00	|	7502004401805	;
OFFENBACH	|	ISOCAR SUSP.	|	CAOLIN/PECTINA 1-0,5 G /5 Ml	|	SUSP., CAJA C/FCO. CON 120 Ml	|	60.00	|	20.00	|	0	;
OFFENBACH	|	ITALON CÀPS.	|	INDOMETACINA, 25 mg	|	CAPSULAS, CAJA C/24	|	42.00	|	14.00	|	0	;
OFFENBACH	|	OXOMAR GRAG.	|	OXOLAMINA, 100 mg	|	GRAGEAS, CAJA C/24	|	47.40	|	15.80	|	0	;
OFFENBACH	|	VO-REMI TABS.	|	MECLIZINA 25 mg-PIRIDOXINA 50 mg	|	TABLETAS, CAJA C/12	|	36.00	|	12.00	|	7502004403557	;
OFFENBACH	|	VO-REMI AMP.	|	MECLIZINA 25 mg-PIRIDOXINA 50 mg	|	SOL. INY. , CAJA C/5 AMP. 	|	90.00	|	30.00	|	0	;
OFFENBACH	|	VO-REMI GOTAS	|	MECLIZINA -PIRIDOXINA 	|	SOL. , FCO. GOTERO C/15 Ml	|	39.00	|	13.00	|	7502004403458	;
REUFFER	|	BIOCORD ORAL	|	ANTÌGENO 3 ml 	|	SUSP. ORAL, 5 AMPOLLETAS C/3 ml C/U	|	144.00	|	48.00	|	7502215220134	;
REUFFER	|	BIOCORD SUSP.	|	ANTÌGENO 5 ml	|	SUSP. INY., FCO. C/5 ml	|	156.00	|	52.00	|	0	;
VICTORY	|	ACORTIZ TABS. 50 MG	|	HIDROCLOROTIAZIDA 50 mg	|	CAJA C/ 20 TABS.	|	180.00	|	 60.00	|	656599040639	;
VICTORY	|	ACORTIZ TABS. 25 MG	|	HIDROCLOROTIAZIDA 25 mg	|	CAJA C/ 20 TABS.	|	120.00	|	 40.00	|	656599040608	;
VICTORY	|	ALFUMET CÀPS.	|	FLUCONAZOL 150 mg	|	CAJA C/ 1 CÀPS.	|	60.00	|	 20.00	|	0	;
VICTORY	|	CITRA 50 TABS.	|	TRAMADO 50 mg	|	CAJA C/ 10 TABS.	|	120.00	|	 40.00	|	656599041216	;
VICTORY	|	IPYROL TABS.	|	CAPTOPRIL 50 mg	|	CAJA C/ 30 TABS.	|	87.00	|	 29.00	|	0	;
VICTORY	|	FLUMEDIL TABS.	|	GLIPIZIDA 10 mg	|	CAJA C/30 TABS.	|	80.00	|	 26.67	|	656599040561	;
VICTORY	|	LUMENTA TABS.	|	TINIDAZOL 500 mg	|	CAJA C/ 10 TABS.	|	52.00	|	 17.33	|	656599041209	;
VICTORY	|	MEVICFOR TABS.	|	METFORMINA 500 mg	|	CAJA C/ 30 TABS.	|	90.00	|	 30.00	|	0	;
VICTORY	|	NOGRAINE TABS.	|	SUMATRIPTÀN 100 mg	|	CAJA C/ 2 TABS.	|	269.00	|	 89.67	|	0	;
VICTORY	|	SIMLO TABS.	|	SIMVASTATINA 10 mg	|	CAJA C/20 TABS.	|	261.30	|	 87.10	|	656599041124	;
VICTORY	|	TOFEL TABS.	|	DICLOFENÀCO SÒDICO/ PARACETAMOL 500 mg	|	CAJA C/10 TABS.	|	120.00	|	 40.00	|	656599040226	;
VICTORY	|	VIDAXIL TABS.	|	DIGOXINA 0.250 mg	|	CAJA C/ 24 TABS.	|	80.00	|	 26.67	|	656599040301	;
ALLEN	|	ADRECORT AMP.	|	DEXAMETAZONA 4 mg/mL	|	INYECTABLE, FCO. AMP.  C/ 2 mL	|	50.00	|	16.67	|	0	;
ALLEN	|	ADRECORT TABS.	|	DEXAMETAZONA, 1 mg	|	TABLETAS, CAJA C/FCO. C/20	|	51.00	|	17.00	|	7501342800868	;
ALLEN	|	CHOFABOL GRANULADO	|	SULFATO DE MAGNESIO, PEPTONA, EXTRACTOS, BOLDO, ALCACHOFA, BELLADONA	|	GRANULADO, FCO. C/100 g	|	120.00	|	40.00	|	7501342800103	;
ALLEN	|	DECANOBRAL SOL.	|	COLINA, INOSITOL, GLICINA, ACIDO GLUTAMICO,CARNITINA, HIERRO,LISINA,  VALINA,ACETILGLUTAMINA, FOSFORILSERINA, GLISINA GLICOCOLA, RIBOFLAVINA, PIRIDOXINA, CIANOCOBALAMINA (VITAMINAS, MINERALES, AMINOACIDOS)	|	SOLUCION, FCO C/340 ml	|	98.00	|	32.67	|	0	;
ALLEN	|	DEPOFIN SUSP.	|	DIYODOHIDROXIQUINOLEINA, CAOLIN Y PECTINA 4 g, 10 g, 1 g/100 mL	|	SUSPENSION, FCO. C/60 ml	|	40.00	|	13.33	|	0	;
ALLEN	|	GERIAL- B12 SUSP.	|	L-LISINA, INOSITOL, COLINA, CIANOCOBALAMINA (VIT. B12), HIERRO, GLICINA.	|	ELIXIR, FCO. C/340 ml	|	109.00	|	36.33	|	7501342800158	;
ALLEN	|	GLUTALLEN SOL.	|	SUPLEMENTO ALIMENTICIO: VITAMINAS, MINERALES, AMINOACIDOS. CALCIO, VIT. C, HIERRO, COLINA, INOSITOL, ACIDO GLUTAMICO, ZINC, L-LISINA, ACETIL GLUTAMINA, GLICINA GLICOCOLA, TIAMINA (VIT. B1), RIBOFLAVINA (VIT. B2), PIRIDOXINA (VIT. B6), CIANOCOBALAMINA, (VIT. B12)	|	SOL., FCO C/340 ml	|	86.00	|	28.67	|	7501342890029	;
ALLEN	|	METAPIRONA TABS.	|	METAMIZOL SODICO, 500 mg	|	TAB., FCO. C/10 TAB.	|	34.00	|	11.33	|	0	;
ALLEN	|	OXOTUSIN JBE.	|	CITRATO DE OXOLAMINA, 1 g/100 mL	|	JBE., FCO. C/118 ml	|	58.00	|	19.33	|	7501342800202	;
ALLEN	|	PIPERAZIL JBE.	|	CITRATO DE PIPERAZINA, 11 g/100 mL	|	JBE., FCO. C/115 ml	|	89.00	|	29.67	|	0	;
ALLEN	|	PREMAGNOL TABS.	|	PREDNISONA 5 mg	|	TABLETAS, FCO C/20	|	43.00	|	14.33	|	0	;
ALLEN	|	RODOVIT PEDIATRICO	|	COMPLEJO VITAMINICO	|	 FCO. C/15 ml Y TAPON GOT.	|	65.00	|	21.67	|	7501342800943	;
ALLEN	|	TUSILEN ADULTO JBE.	|	DEXTROMETORFANO, GUAIFENESINA, FENILEFRINA 0.3 g, 2.4 g, 0.05 g/100 mL 	|	JARABE,  FCO. C/118 ml	|	84.00	|	28.00	|	0	;
ALLEN	|	TUSILEN PEDIATRICO JBE.	|	DEXTROMETORFANO, GUAIFENESINA, PARACETAMOL 0.15 g, 1.2 g, 3.0 g/100 mL	|	JARABE, FCO. C/118 ml	|	86.00	|	28.67	|	7501342800554	;
ALLEN	|	VITATON SOL.	|	TIAMINA (Vit. B1), PIRIDOXINA (Vit. B6), CIANOCOBALAMINA (VIT. B12), 	|	SOLUCION, FCO. C/450 mL, NICOTINAMIDA, PANTONETATO DE CALCIO	|	109.00	|	36.33	|	0	;
DEGORT`S	|	ALLIFORT TABS.	|	TERBINAFINA, 250 mg	|	TABLETAS, CAJA C/7	|	125.00	|	41.67	|	7501825302049	;
DEGORT`S	|	AZOGEN TABS.	|	ACIDO NALIDIXICO-FENAZOPIRIDINA, 500/50 mg	|	TABLETAS, CAJA CON FRASCO C/20	|	133.94	|	44.65	|	7501825300038	;
DEGORT`S	|	BIOFILEN TABS.	|	ATENOLOL 100 MG	|	TABLETAS, CAJA CON 28	|	136.16	|	45.39	|	7501825301752	;
DEGORT`S	|	BLENDOX JBE.	|	CLORFENAMINA, 50 mg/100 mL	|	JARABE, CAJA C/FCO. C/60 mL, CUCHARA DOSIFICADOR	|	48.50	|	16.17	|	7501825300120	;
DEGORT`S	|	BLENDOX TABS.	|	CLORFENAMINA, 4 mg	|	TABLETAS, CAJA C/20	|	41.50	|	13.83	|	7501825300137	;
DEGORT`S	|	BRONAR-R SOL. PEDIÀTRICA	|	NODISP	|	SOLUCION PEDIATRICO, CAJA C/FCO. C/30 Ml Y GOTERO DOSIFICADOR	|	65.00	|	21.67	|	7501825301578	;
DEGORT`S	|	BRONAR-R SOL. 	|	AMBROXOL-LORATADINA 600-100 mg/100 mL	|	SOLUCION , CAJA C/FCO. C/120 mL	|	86.50	|	28.83	|	7501825301561	;
DEGORT`S	|	CROFERRON TABS.	|	FUMARATO FERROSO, 200 mg	|	TABLETAS, CAJA C/70	|	61.26	|	20.42	|	0	;
DEGORT`S	|	CONVIFER C/HIERRO SOL. 110 ML	|	CIPROHEPTADINA 0.040 g, VIT. B1 0.1 g, VIT. B6, VIT. B12, LISINA 3 g, HIERRO 0.243 G	|	SOL., CAJA C/FCO. C/110 Ml Y CUCHARA DOSIFICADORA	|	74.85	|	24.95	|	7501825300175	;
DEGORT`S	|	CONVIFER C/HIERRO SOL. 220 ML	|	VITAMINAS B1,B6,B12, HIERRO, LISINA	|	SOLUCIÒN, CAJA CON FCO. 220 ml  Y CUHARA DOSIFICADORA	|	108.55	|	36.18	|	7501825300991	;
DEGORT`S	|	DERGOFLAN SUSP.	|	NIMESULIDA, 50 mg/5 mL	|	SUSP., CAJA C/FCO. C/60mL, Y CUCHARA	|	65.00	|	21.67	|	7501825301165	;
DEGORT`S	|	DERGOFLAN GOTAS	|	NIMESULIDA, 25 mg/ mL	|	SUSP. GOTAS PEDIATRICAS, CAJA C/FCO. C/20 mL Y GOTERO	|	58.00	|	19.33	|	7501825301172	;
DEGORT`S	|	DERGOFLAN TABS.	|	NIMESULIDA, 50 mg/5 mL	|	TABLETAS, CAJA C/10	|	66.00	|	22.00	|	7501825301141	;
DEGORT`S	|	DEQUIN INF. SOL.	|	GUAIFENESINA 2.0g, FENILEFRINA 0.1 g, CLORFENAMINA 0.02g, PARACETAMOL 2.5g /100 mL	|	SOLUCION INFANTIL, CAJA C/FCO. C/120 mL Y VASO DOSIFICADOR	|	89.05	|	29.68	|	7501825301059	;
DEGORT`S	|	DEBEQUIN JBE.	|	DEXTROMETORFANO 300 mg/100 mL	|	JARABE, FCO. CON 120 mL	|	56.90	|	18.97	|	0	;
DEGORT`S	|	DEBEQUIN-C JBE. INFANTIL	|	DEXTROMETORFANO-GUAIFENESINA 0.15 g / 1.0 g/100 mL	|	JARABE INFANTIL, CAJA C/FCO. C/120,CUCHARA	|	64.00	|	21.33	|	7501825301004	;
DEGORT`S	|	DEBEQUIN-C JBE. ADULTO	|	DEXTROMETORFANO-GUAIFENESINA 0.3 g/2.0 g/100 mL	|	JARABE ADULTO, CAJA C/FCO. CON 120,CUCHARA	|	63.50	|	21.17	|	7501825300274	;
DEGORT`S	|	DERTRIFORT TABS.	|	ALOPURINOL, 300 mg	|	TABLETAS, CAJA C/20	|	67.20	|	22.40	|	0	;
DEGORT`S	|	DINTREFERGOT SUSP.	|	DIMETICONA, 100 mg/Ml	|	SUSP. CAJA C/FCO. C/30 Ml Y GOTERO	|	78.90	|	26.30	|	7501825301875	;
DEGORT`S	|	DOLFORT-DE TABS.	|	KETOPROFENO-PARACETAMOL, 100/300 mg	|	TABLETAS, CAJA C/12	|	102.95	|	34.32	|	7501825301820	;
DEGORT`S	|	DUPLANT GRAG.	|	PENTOXIFILINA, 400 mg	|	GRAGEAS DE LIBERACION PROLONGADA, CAJA C/30	|	98.00	|	32.67	|	0	;
DEGORT`S	|	DUCICLON GRAG.	|	TIAMINA, PIRIDOXINA, DICLOFENACO, CIANOCOBALAMINA	|	GRAGEAS, FCO. C/30	|	81.20	|	27.07	|	7501825300205	;
DEGORT`S	|	ESPABION TABS.	|	TRIMEBUTINA, 200 mg	|	TABLETAS, CAJA C/40	|	91.00	|	30.33	|	0	;
DEGORT`S	|	ESPABION GOTAS	|	TRIMEBUTINA, 2.0 g/100 Ml	|	SUSP. GOTAS PEDIATRICAS, CAJA C/FCO. C/30 mL Y GOTERO	|	57.00	|	19.00	|	7501825300366	;
DEGORT`S	|	ESPABION SUSP.	|	TRIMEBUTINA, 2.0 g/100 mL	|	SUSPENSION, CAJA C/FCO. C/100 mL	|	91.00	|	30.33	|	7501825300373	;
DEGORT`S	|	ESPRADEN SUSP.	|	METOCLOPRAMIDA 0.066 g, HIDROXIDO DE ALUMINIO 3.0 g, HIDROXIDO DE MAGNESIO 4.0 g, DIMETICONA 0.5 g/100 mL	|	SUSPENSION, CAJA C/FCO. C/60 mL, CUCHARA DOSIFICADOR	|	101.00	|	33.67	|	7501825301349	;
DEGORT`S	|	ESPRADEN TABS.	|	METOCLOPRAMIDA 10 mg, HIDROXIDO DE ALUMINIO 200.0 mg, HIDROXIDO DE MAGNESIO 200.0 mg, DIMETICONA 50.0 mg	|	TABLETAS, CAJA C/30	|	66.45	|	22.15	|	7501825301356	;
DEGORT`S	|	ESPOLIN SUSP.	|	DICICLOVERINA 5 mg, ALUMINIO 100 mg, MAGNESIO 300 mg, DIMETICONA 50 mg	|	CAJA C/FCO. C/30 TAB.	|	64.41	|	21.47	|	0	;
DEGORT`S	|	EVADOL RETARD GRAG.	|	DICLOFENACO, 100 mg	|	GRAGEAS DE LIBERACION PROLONGADA, CAJA C/20	|	65.00	|	21.67	|	0	;
DEGORT`S	|	FERRO-TERAPINA SUSP.	|	FUMARATO FERROSO 2.9 g/100 mL	|	SUSPENSION, CAJA C/FCO. CON 120 mL	|	70.25	|	23.42	|	7501825300410	;
DEGORT`S	|	FLUVICIL SOL.	|	AMBROXOL-SALBUTAMOL 	|	SOL. CAJA C/FCO. C/120 ml y VASO DOSIFICADOR	|	66.20	|	22.07	|	0	;
DEGORT`S	|	FLUVIRACE SOL.	|	AMANTADINA, FENILEFRINA, PARACETAMOL, CLORFENAMINA	|	SOLUCIÒN CAJA CON FCO. CON 60 ml	|	66.00	|	22.00	|	0	;
DEGORT`S	|	FRAVIT AMP. INGERIBLE	|	VITAMINA A Y D	|	CAJA CON 3 AMPOLLETAS	|	49.95	|	16.65	|	7501825300427	;
DEGORT`S	|	GASTRODINA TABS.	|	CIMETIDINA, 300 mg	|	TABLETAS, CAJA C/FCO. C/30 	|	87.42	|	29.14	|	7501825300472	;
DEGORT`S	|	IBACNOL TABS.	|	OFLOXACINO, 400 mg	|	TABLETAS, CAJA C/8	|	89.20	|	29.73	|	0	;
DEGORT`S	|	INDOZUL  TABS.	|	FLUOXETINA 20 MG	|	TABLETAS, CJA CON 28	|	146.45	|	48.82	|	7501825301653	;
DEGORT`S	|	ITALON CÀPS.	|	INDOMETACINA, 25 mg	|	CAPSULAS, CAJA C/24	|	42.00	|	14.00	|	0	;
DEGORT`S	|	LERGOSIN- A TABS.	|	DEXAMETAZONA/CLORFENAMINA 0.25/2.0 mg	|	TABLETAS, CAJA C/FCO. C/15	|	63.77	|	21.26	|	7501825300533	;
DEGORT`S	|	MAXIFORT TABS.	|	SILDENAFIL, 50 mg	|	TABLETAS, CAJA C/1	|	168.95	|	56.32	|	7501825301967	;
DEGORT`S	|	METAMIZOL SODICO G.I. JBE.	|	METAMIZOL SODICO G.I., 5 g/100 Ml	|	JARABE, CAJA C/FCO. C/120 Ml	|	61.20	|	20.40	|	0	;
DEGORT`S	|	MIDOLEN TABS. ADULTO	|	ACIDO ACETIL SALICILICO, 500 mg	|	TABLETAS ADULTO, CAJA C/30	|	51.00	|	17.00	|	7501825300595	;
DEGORT`S	|	MIDOLEN TABS. PEDIÀTRICA	|	ACIDO ACETIL SALICILICO, 100 mg	|	TABLETAS INFANTIL, CAJA C/30	|	37.46	|	12.49	|	7501825300601	;
DEGORT`S	|	NORMOFLEX INFANTIL SOL.	|	BROMHEXINA, SOLUCION 80 mg	|	SOLUCION, CAJA C/FCO. C/100 mL	|	61.00	|	20.33	|	7501825301288	;
DEGORT`S	|	NORMOFLEX ADULTO SOL.	|	BROMHEXINA, SOLUCION 160 mg	|	SOLUCION, CAJA C/FCO. C/100 mL	|	65.00	|	21.67	|	7501825301271	;
DEGORT`S	|	OBLANT TABS.	|	CINARIZINA, 75 mg	|	TABLETAS, CAJA C/60	|	113.85	|	37.95	|	7501825301738	;
DEGORT`S	|	OCTEX SUSP.	|	TRIMETOPRIMA 0.8 g-SULFAMETOXAZOL 4.0 g-GUAIFENESINA 1.0 g/100 mL	|	SUSPENSION, CAJA C/FCO. C/100mL , CUCHARA	|	67.70	|	22.57	|	0	;
DEGORT`S	|	OCTIBAN SUSP.	|	TRIMETOPRIMA-SULFAMETOXAZOL 0.8 g-4.0 g/100 mL	|	SUSPENSION, CAJA C/FCO. C/100mL , CUCHARA	|	45.00	|	15.00	|	0	;
DEGORT`S	|	OSEMIN TABS.	|	FUROSEMIDA, 40 mg	|	TABLETAS, CAJA C/FCO. CON 20	|	43.70	|	14.57	|	0	;
DEGORT`S	|	PALATRIN TABS.	|	LANSOPRAZOL, 30 mg	|	TABLETAS CAPA ENTERICA, CAJA C/FCO. C/14	|	137.83	|	45.94	|	7501825301608	;
DEGORT`S	|	PRENALOL SUSP.	|	KETOKONAZOL, SUSP. 2 g/100 mL	|	CAJA C/FCO. C/60 Ml	|	66.95	|	22.32	|	7501825300809	;
DEGORT`S	|	PROXALIN-S SUSP.	|	NAPROXENO 2,5 g/100 ml	|	SUSPENSION, CAJA C/FCO. C/100mL , CUCHARA	|	71.07	|	23.69	|	7501825300731	;
DEGORT`S	|	PROXALIN PLUS TABS. C/10	|	PARACETAMOL-NAPROXENO 	|	TABLETAS, CAJA C/10 	|	70.00	|	23.33	|	0	;
DEGORT`S	|	PROXALIN PLUS TABS. C/16	|	PARACETAMOL 300 mg NAPROXENO 250 mg	|	TABLETAS CAJA C/16	|	94.82	|	31.61	|	7501825300724	;
DEGORT`S	|	REMISOL-PLS TABS.	|	METOCARBAMOL-ACIDO ACETILSALICILICO 400 mg/325 mg	|	TABLETAS, CAJA C/30	|	99.70	|	33.23	|	7501825300953	;
DEGORT`S	|	REDUCTEL TABS.	|	CAPTOPRIL, 50 mg	|	TABLETAS, CAJA C/30	|	60.20	|	20.07	|	0	;
DEGORT`S	|	SEDICLON TABS.	|	DICICLOVERINA 10 mg	|	TABLETAS  CAJA C/30	|	52.81	|	17.60	|	7501825300786	;
DEGORT`S	|	SURONIT TABS.	|	NITROFURANTOINA, 100 mg	|	TABLETAS, CAJA C/FCO. C/12	|	52.81	|	17.60	|	7501825300823	;
DEGORT`S	|	VIDEA-C GOTAS	|	VITAMINAS A, D Y C	|	SOL. INF. GOTAS, CAJA C/FCO. C/25 Ml Y GOTERO GRADUADO	|	53.96	|	17.99	|	7501825300885	;
NATURISTAS	|	Artriman Tabs.	|	Glucosamina	|	30 Tabs. De 500 mg c/u	|	0.00	|	0.00	|	7501590211171	;
NATURISTAS	|	Calcio con Vitamina D Susp.	|	Calcio con Vitamina D	|	Suspensiòn, Frasco 360 ml	|	69.00	|	0.00	|	7501251600399	;
NATURISTAS	|	Enutre polvo	|	Proteìnas, minerales y vitaminas	|	Lata de 237 m.	|	0.00	|	0.00	|	0	;
NATURISTAS	|	Maxy Energy Shot	|	Vitaminas B, aminoàcidos, antioxidantes	|	Caja c/12 Botellas	|	0.00	|	0.00	|	0	;
NATURISTAS	|	Omelina gel càps.	|	Aceite de linaza orgànica, omega 3,6,9	|	60 Caps. De 1,3 g c/u	|	110.00	|	0.00	|	0	;
NATURISTAS	|	Paleta Tosito	|	Sabor miel-Limòn-Herbal	|	16 pz. De 10 g c/u	|	66.00	|	0.00	|	7502009743924	;
NATURISTAS	|	Queryaba tabs.	|	Extracto de hojas de guayaba	|	30 Tabs. De 500 mg. c/u	|	164.00	|	0.00	|	7502009743948	;
PHARMACAPS	|	DIMICAPS CÀPS.	|	DIMENHIDRINATO, 50 mg	|	CAPSULAS, CAJA C/12	|	40.00	|	13.33	|	7501130713196	;
PHARMACAPS	|	CAPSICOF PERLAS	|	BENZONATATO 	|	PERLAS, CAJA CON 20	|	83.00	|	27.67	|	0	;
PHARMACAPS	|	EUFENIL CÀPS.	|	IBUPROFENO 200 mg	|	CÀPSUILAS, CAJA CON 10	|	32.00	|	10.67	|	7501130713387	;
PHARMACAPS	|	EUFENIL FORTE CÀPS.	|	IBUPROFENO 400 mg	|	CAPSULAS, CAJA C/10	|	47.00	|	15.67	|	7501130713516	;
PHARMACAPS	|	GELCAVIT GERIÀTRICO CÀPS.	|	VITAMINAS, MINERALES Y ACEITE DE PRÌMULA	|	CÀPSULAS, CAJA CON 30	|	130.00	|	43.33	|	7501130713851	;
PHARMACAPS	|	GELCAVIT MULLIER CÀPS.	|	ISOFLAVONAS DE SOYA, VITAMINAS Y MINERALES	|	CAPSULAS, CAJA C/30	|	144.00	|	48.00	|	7501130709847	;
PHARMACAPS	|	GELCAVIT INFANTIL CÀPS.	|	SUPLEMENTO ALIMENTICIO: VITAMINAS, MINERALES	|	CAPSULAS, CAJA C/30	|	82.00	|	27.33	|	7501130713547	;
PHARMACAPS	|	GELCAVIT CÀPS.	|	MULTIVITAMINICO CON MINERALES	|	CAPSULAS, CAJA C/30	|	109.00	|	36.33	|	7501130713172	;
PHARMACAPS	|	GECAVIT G2 CÀPS.	|	VITAMINAS, MINERALES, PANAX GINSEG, GINKO BILOBA	|	CAPSULAS, CAJA C/30	|	139.00	|	46.33	|	7501130705870	;
PHARMACAPS	|	GELCAVIT HO CÀPS.	|	VITAMINAS, MINERALES, LICOPENO Y L-ARGININA	|	CAPSULAS, CAJA C/30	|	131.00	|	43.67	|	7501130709830	;
PHARMACAPS	|	GECAVIT 9 MESES CÀPS.	|	VITAMINAS, MINERALES, ACEITE DE GERMEN DE TRIGO	|	CAPSULAS, CAJA C/30	|	140.00	|	46.67	|	7501130713868	;
PHARMACAPS	|	INDUMIR CÀPS.	|	DIFENHIDRAMINA 25 mg	|	CÀPSULAS, CAJA CON 30	|	50.00	|	16.67	|	7501130713417	;
PHARMACAPS	|	LAXACAPS CÀPS.	|	SENOSIDOA A Y B, CONCENTARDO DE CIRUELA	|	CAPSULAS, CAJA C/30	|	97.00	|	32.33	|	7501130713158	;
PHARMACAPS	|	MAXIVIT CÀPS.	|	VITAMINAS Y MINERALES, CON JALEA REAL Y AJO DEODORIZADO	|	CAPSULAS, CAJA C/30	|	109.00	|	36.33	|	7501130712359	;
PHARMACAPS	|	PROTECAPS D-TS CÀPS.	|	ACEITE DE PESCADO, VITAMINAS Y MINERALES	|	CÀPSULAS, CAJA CON 30	|	131.00	|	43.67	|	7501130704651	;
PHARMACAPS	|	PROTECAPS VISION CÀPS.	|	ACEITE DE PESCADO, VITAMINAS, LUTEÌNA Y MINERALES	|	CÀPSULAS, CAJA CON 30	|	98.00	|	32.67	|	0	;
PHARMACAPS	|	ULTIDIN CÀPS.	|	FAMOTIDINA 20 mg	|	CÀPSULAS, CAJA CON 30	|	116.00	|	38.67	|	7501130713363	;
PHARMACAPS	|	VITAMINA E-500 CÀPS.	|	VITAMINA E CON ACEITE DE GERMEN DE TRIGO	|	CAPSULAS, CAJA C/30	|	120.00	|	40.00	|	7501130712304	;
MAVER	|	AVANCID CÀPS. 30 MG	|	LANSOPRAZOL 30 mg	|	CAJA C/ FCO. CON 14 CÀPS.	|	90.00	|	30.00	|	7502009740756	;
MAVER	|	AVANCID CÀPS. 15 MG	|	LANSOPRAZOL 15 mg	|	CAJA C/FCO. CON 14 CÀPS.	|	58.50	|	19.50	|	0	;
MAVER	|	BACTIVER SUSP.	|	SULFAMETOXAZOL 200 mg, TRIMETOPRIMA 40 mg/ 5 ml	|	SUSP., CAJA C/FCO. C/120 Ml Y CUCHARA DOSIFICADORA	|	54.00	|	18.00	|	7503000422511	;
MAVER	|	BACTIVER TABS. 400/80 MG	|	SUÑFAMETAZOL/TRIMETOPRIMA 400 mg/ 80 mg	|	CAJA C/ 20 TABS.	|	48.00	|	16.00	|	7503000422238	;
MAVER	|	BACTIVER TABS. 800/160 MG	|	SULFAMETAZOL/ TRIMETOPRIMA 800 mg/ 160 mg	|	CAJA C/ 14 TABS.	|	60.00	|	20.00	|	7503000422283	;
MAVER	|	BROMIXEN SUSP.	|	AMOXICILINA 250 mg-BROMHEXINA 4 MG/5 Ml	|	SUSP. POLVO P/90 Ml	|	72.00	|	24.00	|	7503000422894	;
MAVER	|	BROMIXEN CÀPS.	|	AMOXICILINA 500 mg-BROMHEXINA 8 mg	|	CAPSULAS, CAJA C/12	|	72.00	|	24.00	|	7503000422887	;
MAVER	|	CEFALVER SUSP. 125 MG	|	CEFALEXINA 125 mg/5ml	|	SUSP. POLVO P/90 Ml	|	69.00	|	23.00	|	7503000422610	;
MAVER	|	CEFALVER SUSP. 250 MG	|	CEFALEXINA 250/ 5 ml	|	SUSP. POLVO P/90 Ml	|	93.00	|	31.00	|	7503000422627	;
MAVER	|	CEFALVER CÀPS. 500 MG C/12	|	CEFALEXINA 500 mg	|	CAPSULAS, CAJA C/12	|	99.00	|	33.00	|	7503000422863	;
MAVER	|	CEFALVER CÀPS. 500 MG C/20	|	CEFALEXINA 500 mg	|	CÀPSULAS, CAJA C/20	|	138.00	|	46.00	|	7502009740480	;
MAVER	|	CEPOBROM SUSP.	|	CEFALEXINA 250mg -BROMHEXINA 4.39 mg/5 Ml	|	SUSP., CAJA C/FCO. C/POLVO P/100 Ml	|	126.00	|	42.00	|	7502009740978	;
MAVER	|	CEPOBROM CÀPS.	|	CEFALEXINA 500 mg -BROMHEXINA 8.782	|	CAPSULAS, CAJA C/12	|	126.00	|	42.00	|	7502009741289	;
MAVER	|	CEFABROXIL TABS.	|	CEFALEXINA 500 mg -AMBROXOL30 mg	|	TABLETAS, CAJA C/15	|	126.00	|	42.00	|	7502009741500	;
MAVER	|	CEFABROXIL SUSP.	|	CEFALEXINA 250 mg -AMBROXOL 15mg/5 Ml	|	SUSPENSION, CAJA C/FCO. C/POLVO PARA 75 mL	|	126.00	|	42.00	|	7502009740770	;
MAVER	|	CIPROFLOXACINO GI TABS.	|	CIPROFLOXACINO GI, 500 MG	|	TABLETAS RECUBIERTAS, CAJA C/8 	|	99.00	|	33.00	|	0	;
MAVER	|	CLAMOXIN SUSP. 125 MG	|	AMOXICILINA/AC. CLAVULONICO 125-31.25 mg/5 mL	|	SUSPENSION, CAJA C/FCO. C/POLVO PARA 40 mL	|	84.00	|	28.00	|	7502009740206	;
MAVER	|	CLAMOXIN 12 H, PEDIATRICO SUP. 200 MG	|	AMOXICILINA/AC. CLAVULONICO 200 mg/28.5 mg/5 mL	|	SUSPENSION PEDIATRICA, CAJA C/FCO. C/POLVO PARA 40 mL	|	78.00	|	26.00	|	7502009740497	;
MAVER	|	CLAMOXIN SUSP. 250 MG	|	AMOXICILINA/AC. CLAVULONICO 250 mg/28.5 mg/5 mL	|	SUSPENSION, CAJA C/FCO. C/POLVO PARA 60 mL	|	126.00	|	42.00	|	7502009740213	;
MAVER	|	CLAMOXIN 12 H, JUNIOR SUSP. 400 MG	|	AMOXICILINA/AC. CLAVULONICO 400 mg/57 mg/5 mL	|	SUSPENSION JUNIOR, CAJA C/FCO. C/POLVO PARA 40 mL	|	126.00	|	42.00	|	7502009740503	;
MAVER	|	CLAMOXIN TABS. 500 MG	|	AMOXICILINA/AC. CLAVULONICO 500 mg/125 mg	|	TABLETAS, CAJA C/FCO. C/10	|	147.00	|	49.00	|	7502009740992	;
MAVER	|	CLAMOXIN TABS. 875 MG	|	AMOXICILINA/AC. CLAVULONICO 875 mg/125 mg	|	TABLETAS, CAJA C/FCO. C/10	|	189.00	|	63.00	|	7502009740763	;
MAVER	|	CO-ALTIVER TABS. 25/12.5 MG	|	CAPTOPRIL/HIDROCLOROTIAZIDA 25mg/12.5 mg	|	TABLETAS, CAJA C/15	|	108.00	|	36.00	|	7502009740701	;
MAVER	|	CO-ALTIVER TABS. 50/2.5 MG	|	CAPTOPRIL/HIDROCLOROTIAZIDA 50mg/25 mg	|	TABLETAS, CAJA C/15	|	156.00	|	52.00	|	7502009740718	;
MAVER	|	CO-EXALIV JBE.	|	FENILEFRINA 0.1/CLORFENIRAMINA 0,02 g/GUAIFENESINA 2 g/PARACETAMOL 2.50 g	|	JARABE, CAJA C/FCO. CON 120 ml	|	75.00	|	25.00	|	0	;
MAVER	|	COBADEX INFANTIL JBE.	|	DEXTROMETORFANO/AMBROXOL       113-150 mg/100 mL	|	SOL. INFANTIL, FCO. C/120 Ml, VASO DOSIFICADOR	|	63.00	|	21.00	|	7502009740275	;
MAVER	|	COBADEX ADULTO JBE.	|	DEXTROMETORFANO/AMBROXOL       225-225 mg/100 mL	|	SOL. ADULTO, FCO. C/120 Ml, VASO DOSIFICADOR	|	66.00	|	22.00	|	7502009740268	;
MAVER	|	CORIVER INFANTIL TABS. MASTICABLES	|	PARACETAMOL 80 mg	|	FCO. C/30 TABS. MASTICABLES	|	48.00	|	16.00	|	7503000422412	;
MAVER	|	CORIVER GOTAS	|	PARACETAMOL 100 mg/ml	|	SOLUCIÒN GOTAS	|	48.00	|	16.00	|	7502009740619	;
MAVER	|	CO-TARSAN COMPRIMIDOS C/15	|	LOSARTAN/HIDROCLOROTIAZIDA, 50mg/12.5mg	|	COMPRIMIDOS, CAJA C/15	|	198.00	|	66.00	|	7502009742767	;
MAVER	|	CO-TARSAN COMPRIMIDOS C/30	|	LOSARTAN/HIDROCLOROTIAZIDA, 50mg/12.5mg	|	COMPRIMIDOS, CAJA C/30	|	360.00	|	120.00	|	7502009742774	;
MAVER	|	DIXEN CÀPS.	|	DICLOXACILINA 500 mg	|	CAPSULAS, CAJA C/8	|	72.00	|	24.00	|	7503000422795	;
MAVER	|	DOLTRIX TABS.	|	CLOXINATO DE LISINA/BUTILHIOSCINA 250 mg/10 mg	|	TABLETAS, CAJA C/10	|	99.00	|	33.00	|	7502009741487	;
MAVER	|	DOLVER 200 TABS.	|	IBUPROFENO 200 mg	|	TABLETAS, CAJA C/10	|	36.00	|	12.00	|	0	;
MAVER	|	ERISPAN AMP.	|	BETAMETASONA 4 mg/ ml	|	CAJA C/ 1 AMPOLLETA DE 2 ml	|	69.00	|	23.00	|	0	;
MAVER	|	ERISPAN COMPUESTO SOL. PEDIÀTRICA	|	LORATADINA/ BETAMETASONA 100 mg	|	SOL. PEDIÀTRICA CON 60 ml	|	138.00	|	46.00	|	7502009744129	;
MAVER	|	EXALVER PEDIATRICO SOL.	|	GUAFENESINA 5 g, FENILEFRINA 0.25 G, DEXTROMETORFANO 0.50 G / 100 Ml	|	SOLUCION, FRASCO CON 30 ml Y GOTERO	|	60.00	|	20.00	|	7502009742149	;
MAVER	|	EXALVER INFANTIL SOL.	|	GUAFENESINA 5 g, FENILEFRINA 0.25 G, DEXTROMETORFANO 0.50 G / 100 Ml	|	SOLUCION, FRASCO CON 120 ml 	|	78.00	|	26.00	|	7502009742132	;
MAVER	|	EXALVER TABS.	|	PARACETAMOL 500 mg/FENILEFRINA 5 mg/DEXTROMETORFANO 15 mg	|	TABLETAS, CAJA C/10	|	39.00	|	13.00	|	7502009741753	;
MAVER	|	EXALVER ADULTO JBE.	|	PARACETAMOL 2,13 g-FENILEFRINA 0.040 g-DEXTROMETORFANO 0.10 g / 120 Ml	|	JARABE , CAJA C/FCO C/120 mL Y MEDIDA DOSIFICADROA	|	66.00	|	22.00	|	7502009741746	;
MAVER	|	EXALVER G GRANULADO C/6 SOBRES	|	PARACETAMOL 650 mg, DEXTROMETORFANO 20 mg, FENILEFRINA 10 mg, CLORFENAMINA 4 mg	|	CAJA CON 6 SOBRES, SABOR CANELA MANZANA	|	78.00	|	26.00	|	7502009741814	;
MAVER	|	FANDALL SUSP.	|	METAMIZOL SÒDICO 500 mg/ ml	|	CAJA C/ FCO. CON 30 ml	|	63.00	|	21.00	|	0	;
MAVER	|	FASICLOR CÀPS. 500 MG	|	CEFACLOR 500 mg	|	CAPSULAS C/15	|	294.00	|	98.00	|	7502009741425	;
MAVER	|	FASICLOR CÀPS. 250 MG	|	CEFACLOR 250 mg	|	CAPSULAS C/15	|	186.00	|	62.00	|	7502009741456	;
MAVER	|	FASICLOR SUSP. 250 MG	|	CEFACLOR 250 mg/5 mL	|	SUSPENSION, FCO. C/75 ml	|	195.00	|	65.00	|	7502009741050	;
MAVER	|	FASICLOR SUSP. 125 MG	|	CEFACLOR 125 mg/ 5 ml	|	SUSPENSIÒN FCO. PARA 75 ml	|	135.00	|	45.00	|	7502009741043	;
MAVER	|	FASICLOR SUSP. 375 MG	|	CEFACLOR 375 mg/5 ml	|	SUSPENSIÒN 375 ml	|	198.00	|	66.00	|	7502009741067	;
MAVER	|	FASINATEX CÀPS.	|	CEFADROXILO/BROMHEXINA 500 mg/8 mg	|	CÀPSULAS CAJA C/8 	|	87.00	|	29.00	|	7502009741920	;
MAVER	|	FLEXIVER TABS. 15 MG	|	MELOXICAM 15 mg	|	TABLETAS, CAJA C/10	|	75.00	|	25.00	|	7502009740459	;
MAVER	|	FLEXIVER TABS. 7.5 MG	|	MELOXICAM 7.5 mg	|	TABLETAS, CAJA C/14	|	64.50	|	21.50	|	7502009740466	;
MAVER	|	FLEXIVER COMPUESTO CÀPS. 10	|	MELOXICAM/METOCARBAMOL	|	CÀPSULAS, CAJA C/10	|	120.00	|	40.00	|	7502009742095	;
MAVER	|	FLEXIVER COMPUESTO CÀPS. 20	|	MELOXICAM/METOCARBAMOL	|	CÀPSULAS, CAJA C/20	|	120.00	|	40.00	|	7502009742101	;
MAVER	|	FLUXOL SOL.	|	SALBUTAMOL/AMBROXOL 0.04 g-0.150 g/100 Ml	|	SOLUCION, FCO. C/120 Ml	|	69.00	|	23.00	|	7502009740282	;
MAVER	|	GENTRISOL CREMA	|	BETAMETASONA 0.05 %, GENTAMICINA 0.1 %, CLOTRIMAZOL 1%	|	CREMA, TUBO C/40 g	|	52.50	|	17.50	|	7502009741029	;
MAVER	|	GLUCOTEC TABS. 500/5 MG	|	METFORMINA/GLIBLENCLAMIDA 500/5 mg	|	TABLETAS, FCO. C/60	|	102.00	|	34.00	|	7502009740640	;
MAVER	|	GLUCOTEC TABS. 500/2.5 MG	|	METFORMINA/GLIBLENCLAMIDA 500/2,5 mg	|	TABLETAS, FCO. C/60	|	102.00	|	34.00	|	0	;
MAVER	|	INDACIL CÀPS.	|	CLINDAMICINA 300 mg	|	CAJA C/ 16 CAPS.	|	138.00	|	46.00	|	7502009740558	;
MAVER	|	INEDIT CÀPS.	|	CEFADROXILO 500 mg	|	CÀPSULAS, CAJA C/8	|	81.00	|	27.00	|	7502009741937	;
MAVER	|	KLARIX CÀPS. 250 MG	|	CLARITROMICINA 250 mg	|	CAJA C/ 10 TABS.	|	135.00	|	45.00	|	7502009740442	;
MAVER	|	KLARIX CÀPS. 500 MG	|	CLARITROMICINA 500 mg	|	CAJA C/10 TABS.	|	180.00	|	60.00	|	7502009740510	;
MAVER	|	LARITOL TAB.	|	LORATADINA 10 mg	|	TABLETAS, CAJA C/10	|	63.00	|	21.00	|	7502009740435	;
MAVER	|	LARITOL D GRAG.	|	FENILEFRINA/ LORATADINA 30 mg/ 5mg	|	CAJA C/ 10 GRAGEAS	|	87.00	|	29.00	|	7502009743856	;
MAVER	|	LARITOL GOTAS	|	LORATADINA, 1mg/Ml	|	SOLUCION, GOTAS PEDIATRICAS, FCO. C/30 Ml	|	42.00	|	14.00	|	7502009740312	;
MAVER	|	LARITOL SOLUCION	|	LORATADINA, 1mg/mL	|	SOLUCION,  FCO. C/60 ml	|	57.00	|	19.00	|	7502009740305	;
MAVER	|	LARITOL D INFANTIL JBE.	|	LORATADINA 50 mg, FENILEFRINA 100 mg/100 mL	|	JARABE INFANTIL, FCO. C/60 Ml	|	87.00	|	29.00	|	7502009741784	;
MAVER	|	LARITOL D ADULTO JBE.	|	LORATADINA/FENILEFRINA 100-200 mg/100 mL	|	JARABE ADULTO, CAJA C/FCO C/120 Ml	|	138.00	|	46.00	|	7502009740817	;
MAVER	|	LARITOL G C/6 SOBRES	|	PARACETAMOL 600 mg-FENILEFRINA 10 mg-LORATADINA 2.50 mg	|	GRANULADO, CAJA C/6 SOBRES DE 10 G	|	78.00	|	26.00	|	7502009741340	;
MAVER	|	LARITOL EX TABS.	|	LORATADINA 5 MG-AMBROXOL 30 mg	|	TABLETAS, CAJA C/10	|	69.00	|	23.00	|	7502009741005	;
MAVER	|	LARITOL EX SOLUCION	|	LORATADINA 100 mg-AMBROXOL 600 mg/100 Ml	|	SOLUCION, FCO. C/120 Ml	|	69.00	|	23.00	|	7502009740657	;
MAVER	|	LARITOL EX GOTAS	|	LORATADINA 100 mg-AMBROXOL 600 mg/100 Ml	|	GOTAS, FCO. CON 30 ml	|	48.00	|	16.00	|	7502009742798	;
MAVER	|	LOROTEC TAB. 10 MG	|	KETOROLACO 10 mg	|	TABLETAS, CAJA C/10	|	54.00	|	18.00	|	7502009740244	;
MAVER	|	LOROTEC-F TABS. 30 MG	|	KETOROLACO 30mg	|	FCO. C/4 TABS. SUBLINGUALES	|	78.00	|	26.00	|	7502009740664	;
MAVER	|	LOROTEC AMP.	|	KETOROLACO 30 mg/mg	|	AMP. ,  DE 1 mL, I.M. , CAJA C/3 	|	69.00	|	23.00	|	0	;
MAVER	|	MAFENA GEL	|	DICLOFENACO DIETILAMONIO 	|	CAJA C/ TUBO CON 60 g	|	69.00	|	23.00	|	7502009740251	;
MAVER	|	MAFENA GRAGEAS	|	DICLOFENACO 50 mg	|	CAJA C/ 20 GRAGEAS	|	49.80	|	16.60	|	7503000422351	;
MAVER	|	MAFENA RETARD TABS.	|	DICLOFENACO 100 mg	|	CAJA C/ 20 TABS.	|	63.00	|	21.00	|	7503000422368	;
MAVER	|	NORECIL TABS.	|	METRONIDAZOL/ DIYODOHIDROXIQUINOLEÌNA 400 mg/ 200 mg	|	CAJA C/ 20 TABS.	|	60.00	|	20.00	|	7503000422634	;
MAVER	|	PENTIBROXIL CAPS.	|	AMOXICILINA/AMBROXOL 500 mg/30 mg	|	CAPSULAS, CAJA C/16 	|	84.00	|	28.00	|	7503000422757	;
MAVER	|	PENTIBROXIL SUSP.	|	AMOXICILINA/AMBROXOL 250 mg/15 mg/5 Ml	|	SUSPENSIÒN, FRASCO C/90 Ml	|	75.00	|	25.00	|	7503000422764	;
MAVER	|	PENTICLOX SUSP. 250 MG	|	AMOXICILINA 250 mg / 5ml	|	CAJA C/ FCO. PARA 90 ml	|	69.00	|	23.00	|	7503000422726	;
MAVER	|	PENTICLOX SUSP.	|	AMOXICILINA 250 mg	|	CAJA C/FCO. PARA 75 ml	|	66.00	|	22.00	|	7502009740527	;
MAVER	|	PENTIVER TABS. 1 G	|	AMPICILINA, 1.0 g	|	TABLETAS, CAJA C/8	|	66.00	|	22.00	|	7503000422672	;
MAVER	|	PENTIVER TABS. 500 MG	|	AMPICILINA 500 mg	|	CAJA C/ 20 TABS.	|	72.00	|	24.00	|	0	;
MAVER	|	PENTIVER SUSP.	|	AMPICILINA 500 mg	|	SUSPENSIÒN FCO. CON 60 ml	|	63.00	|	21.00	|	7503000422696	;
MAVER	|	PRESISTIN SUSP.	|	CISAPRIDA 1 mg/mL	|	SUSP., FCO. C/60 mL YJERINGA DOSIF.	|	72.00	|	24.00	|	7502009740299	;
MAVER	|	PRESISTIN TAB.	|	CISAPRIDA 10 mg	|	CAJA C/ 30 TABS.	|	102.00	|	34.00	|	7503000422184	;
MAVER	|	PRILVER TABS. 2.5 MG	|	RAMIPRIL 2.5 mg	|	TABLETAS CAJA C/16	|	102.00	|	34.00	|	7502009744334	;
MAVER	|	PRILVER TABS. 5 MG	|	RAMIPRIL 5 mg	|	TABLETAS CAJA C/16	|	180.00	|	60.00	|	7502009744341	;
MAVER	|	REDAFLAM GEL	|	NIMESULIDA 2% 	|	GEL, TUBO C/40 g	|	72.00	|	24.00	|	7502009740343	;
MAVER	|	REDAFLAM TAB.	|	NIMESULIDA 100 mg	|	CAJA C/ 10 TABS.	|	63.00	|	21.00	|	7503000422313	;
MAVER	|	REDAFLAM SUSP.	|	NIMESULIDA 50 mg/ 5 ml	|	SUSPENSIÒN FCO. CON 60 ml	|	52.50	|	17.50	|	7503000422559	;
MAVER	|	SANZADOLL GOTAS	|	TRAMADOL 100 mg/ ml	|	SOL. FRASCO GOTERO CON 10 ml	|	120.00	|	40.00	|	7502009743986	;
MAVER	|	TENESCAN V CREMA VAGINAL	|	CLOTRIMAZOL 10 mg/g	|	CREMA, TUBO C/20 g	|	75.00	|	25.00	|	7502009740374	;
MAVER	|	TENESCAN CREMA	|	CLOTRIMAZOL 10 mg/g	|	CREMA, TUBO C/20 g	|	42.00	|	14.00	|	7502009740367	;
MAVER	|	USALTRON CÀPS.	|	OMEPRAZOL 20 mg	|	CÀPSULAS, CAJA C/14	|	96.00	|	32.00	|	7502009740596	;
MAVER	|	VERICORT AMP.	|	DEXAMETASONA 8mg/ 2ml	|	SOL. INYECTABLE C/3 AMP. Y JERINGA	|	60.00	|	20.00	|	7502009740893	;
MAVER	|	VIAXOL GOTAS	|	AMBROXOL 750 mg/ 100 ml	|	CAJA C/ FCO. 30 ml	|	57.00	|	19.00	|	7503000422566	;
GIRARCAMP`S	|	ACICLODOL AMP.	|	DICLOFENACO/ COMPLEJO B 	|	SOL. INY. DE 2ml	|	56.70	|	18.90	|	0	;
GIRARCAMP`S	|	ACICLODOL TABS.	|	DICLOFENACO/ COMPLEJO B 	|	CAJA C/20 TABS.	|	65.40	|	21.80	|	0	;
GIRARCAMP`S	|	AFG PLUS CÀPS.	|	MULTIVITAMÌNICO	|	ESTUCHE C/30 CÀPS.	|	105.00	|	35.00	|	0	;
GIRARCAMP`S	|	BROMAXIN INFANTIL AMPULA	|	METAMIZOL, BROMEHEXINA, GUAYACOL, LIDOCAINA 250 mg	|	FCO. AMPULA DE 5 ml 	|	51.30	|	17.10	|	1306881054064	;
GIRARCAMP`S	|	BROMAXIN ADULTO AMPULA	|	METAMIZOL, BROMEHEXINA, GUAYACOL, LIDOCAINA 500 mg	|	FCO. AMPULA DE 5 ml 	|	60.90	|	20.30	|	0	;
GIRARCAMP`S	|	B-TRACET-EX TABS.	|	TRAMADOL/PARACETAMOL/VIT.B1/VIT.B12	|	CAJA C/20 TABS.	|	96.60	|	32.20	|	1306881056105	;
GIRARCAMP`S	|	B-TRACET-PL AMP.	|	TRAMADOL/PARACETAMOL/VIT.B1/VIT.B12	|	CAJA C/ 3 AMP. 2ml	|	74.10	|	24.70	|	0	;
GIRARCAMP`S	|	DALIDEK SUSP.	|	FURAZOLIDONA, HOMATROPINA, PECTINA, CAOLINA	|	SUSPENSIÒN FCO. 100 ml	|	48.90	|	16.30	|	1306881056068	;
GIRARCAMP`S	|	DALIDEK TABS.	|	FURAZOLIDONA, HOMATROPINA, PECTINA, CAOLINA	|	CAJA C/20 TABS.	|	45.30	|	15.10	|	1306881052091	;
GIRARCAMP`S	|	DALIRZEN TABS.	|	INDOMETACINA, DEXAMETAZONA, HIDROXIDO DE AL.	|	CAJA C/30 TABS.	|	72.00	|	24.00	|	1306881052107	;
GIRARCAMP`S	|	DECLACIL SUSP.	|	CLARITROMICINA 250mg	|	SUSPENSION, FCO. C/ 60ml	|	148.50	|	49.50	|	1306881056075	;
GIRARCAMP`S	|	DIALESTEN TABS.	|	TIAMINA, PIRIDOXINA, CIANOCOBALAMINA, METAMIZOL	|	CAJA C/20 TABS.	|	46.50	|	15.50	|	1306881052114	;
GIRARCAMP`S	|	GIRARDIP TABS.	|	DIPIRONA 500 mg	|	CAJA C/20 TABS.	|	31.20	|	10.40	|	1306881052138	;
GIRARCAMP`S	|	IDRIDEX SUSP.	|	CLORFENAMINA, DEXAMETASONA 	|	FCO. CON 60 ml	|	48.60	|	16.20	|	0	;
GIRARCAMP`S	|	IDRIDEX TABS.	|	DEXAMETASONA	|	CAJA C/12 TABS.	|	47.40	|	15.80	|	0	;
GIRARCAMP`S	|	IDRIDEX AMP.	|	DEXAMETASONA 8 mg	|	AMPOYETA CAJA C/1	|	36.00	|	12.00	|	0	;
GIRARCAMP`S	|	METRIDAL SUSP.	|	METRONIDAZOL/DIYODOHIDROXICQUINOLEINA 	|	SUSPENSIÒN, FCO. 100 ml	|	56.40	|	18.80	|	1306881056099	;
GIRARCAMP`S	|	NEURODEX TABS.	|	DEXAMETASONA/COMPLEJO B	|	CAJA C/ 12 TABS.	|	68.40	|	22.80	|	1306881052183	;
GIRARCAMP`S	|	NEURODEX AMP.	|	DEXAMETASONA/COMPLEJO B	|	AMPOYETA CAJA C/1	|	58.80	|	19.60	|	1306881054163	;
GIRARCAMP`S	|	SÈMPLEX-B N.P. INY.	|	COMPLEJO B INYECTABLE	|	ESTUCHE C/1 FCO. CON 10 ml	|	68.10	|	22.70	|	0	;
GIRARCAMP`S	|	SCARPETT K TABS.	|	BETAMETASONA, KETOROLACO	|	CAJA C/20 TABS.	|	80.40	|	26.80	|	1306881052206	;
GIRARCAMP`S	|	SCARPETT K AMP.	|	BETAMETASONA, KETOROLACO	|	CAJA C/ AMP. A, AMP. B. DE 1ml	|	69.90	|	23.30	|	1306881054170	;
LIFFERPAL	|	ARTROFEN GRAG.	|	FENILBUTAZONA 100 mg	|	GRAGEAS CAPA ENTÈRICA, CAJA C/30	|	57.00	|	19.00	|	7501836000064	;
LIFFERPAL	|	BIFARDOL SUPOSITORIOS	|	NAPROXENO-PARACETAMOL	|	CAJA C/ 5 SUPOSITORIOS	|	48.00	|	16.00	|	7501836000736	;
LIFFERPAL	|	CARBAFEN TABS.	|	PARACETAMOL 350 mg/ METOCARBAMOL 400 mg	|	TABLETAS, CAJA C/30 TABS.	|	86.40	|	28.80	|	7501836000118	;
LIFFERPAL	|	DINAMEL TABS.	|	METMORFINA 500 mg	|	CAJA C/ 30 TABS.	|	66.00	|	22.00	|	7501836003256	;
LIFFERPAL	|	DUALGOS TABS.	|	PARACETAMOL 325 mg/ IBOPROFENO 200 mg	|	TABLETAS, CAJA C/20 TABS.	|	76.50	|	25.50	|	7501836003393	;
LIFFERPAL	|	ERITROLAT CÀPS.	|	ERITROMICINA 250 mg	|	CÀPSULAS, CAJA C/12 TABS.	|	84.00	|	28.00	|	7501836002730	;
LIFFERPAL	|	ERITROLAT SUSP.	|	ERITROMICINA125/5 ml	|	SUSPENSIÒN, CAJA C/FCO. 60 ml	|	94.80	|	31.60	|	0	;
LIFFERPAL	|	PANOFEN SUPOSITORIOS	|	PARACETAMOL 300 mg	|	CAJA C/ 5 SUPOSITORIOS	|	43.50	|	 14.50	|	7501836000682	;
LIFFERPAL	|	PRECICOL TAB.	|	PARACETAMOL/BUTILHIOSCINA	|	TABLETAS, CAJA C/20	|	90.75	|	30.25	|	7501836002655	;
LIFFERPAL	|	PRECICOL GOTAS	|	PARACETAMOL/BUTILHIOSCINA	|	FCO. GOTERO 20 Ml	|	71.40	|	23.80	|	0	;
LIFFERPAL	|	TERMONIL SUPOSITORIOS	|	METAMIZOL SÒDICO 300 mg	|	SUPOSITORIOS CAJA C/5	|	28.50	|	9.50	|	0	;
LIFFERPAL	|	TINIAZOL SHAMPOO	|	KETOCONAZOL 2 %	|	SHAMPOO CAJA C/FCO. 120 ml	|	99.90	|	33.30	|	7501836000927	;
LIFFERPAL	|	VIRESTAT CREMA	|	ACICLOVIR 5 g	|	CREMA CAJA CON TUBO CON 5 g	|	42.00	|	14.00	|	0	;
LIFFERPAL	|	YDERM CREMA	|	ACETÒNIDO DE FLUOCINOLONA 0.01/CLIOQUINOL 3 g	|	CREMA, CAJA CON TUBO 30 g	|	61.65	|	20.55	|	7501836002082	;
LOEFFLER	|	AFLUSIL	|	IBUPROFENO	|	SUSPENSION, FCO. 120ml	|	59.80	|	19.93	|	7502211780359	;
LOEFFLER	|	ATROFEN	|	FENILBUTAZONA 100 mg	|	CAJA C/ 10 GRAGEAS	|	57.00	|	19.00	|	7501836000064	;
LOEFFLER	|	ARGEMOL	|	SULFADIAZINA DE PLATA AL 1%	|	CREMA, TARRO CON 28 g	|	53.00	|	17.67	|	7502211781615	;
LOEFFLER	|	ARTAXOL	|	INDOMETACINA 100 mg	|	SUPOSITORIOS CAJA C/15	|	99.00	|	33.00	|	7502211780854	;
LOEFFLER	|	BENIFLANT	|	CLORHIDRATO DE BANCIDAMINA	|	SOLUCION, 150mg/100ml	|	126.00	|	42.00	|	7502211784197	;
LOEFFLER	|	BROMICOF ADULTO	|	BROMHEXINA	|	SOLUCION FCO. 100ml	|	57.00	|	19.00	|	7502211781189	;
LOEFFLER	|	BROMICOF INFANTIL	|	BROMHEXINA 4mg/5 ml	|	SOLUCIÒN CAJA C/FCO. 100 ml	|	55.00	|	18.33	|	7502211781059	;
LOEFFLER	|	CALAFLER	|	DICLOFENACO AL 1.5 %	|	GOTAS, CAJA C/FCO. GOTERO 20 ml	|	93.50	|	31.17	|	7502211784180	;
LOEFFLER	|	CROLISIL	|	CLARITROMICINA 500 mg	|	CAJA C/ 10 TABS.	|	220.00	|	73.33	|	0	;
LOEFFLER	|	DOLFLATEN	|	DICLOFENACO AL 0.18 %	|	SUSPENSIÒN, CAJA C/FCO 120 ml	|	85.00	|	28.33	|	7502211784241	;
LOEFFLER	|	DOTAGIL	|	LORATADINA 60 ml	|	JARABE FCO. 60 ml	|	55.00	|	18.33	|	0	;
LOEFFLER	|	EPITREL	|	TRETINOINA 0.05 %	|	CREMA,CAJA C/TUBO 20 g	|	47.00	|	15.67	|	0	;
LOEFFLER	|	ERBITRAX 15	|	TERBINAFINA 1%	|	CREMA, CAJA C/TUBO 15 g	|	70.00	|	23.33	|	7502211783275	;
LOEFFLER	|	ERBITRAX 30	|	TERBINAFINA 1%	|	CREMA, CAJA C/TUBO 30 g	|	96.00	|	32.00	|	7502211783282	;
LOEFFLER	|	ERBITRAX-T	|	TERBINAFINA 250 mg	|	TABLETAS CAJA C/28	|	600.45	|	200.15	|	7502211783787	;
LOEFFLER	|	ESTRIN ADULTO	|	GLICEROL	|	CAJA C/ 10 SUPOSITORIOS	|	17.00	|	5.67	|	0	;
LOEFFLER	|	ESTRIN INFANTIL	|	GLICEROL	|	CAJA C/10 SUPOSITORIOS	|	16.00	|	5.33	|	7502211780540	;
LOEFFLER	|	ESTRIN PEDIÀTRICO	|	GLICEROL	|	CAJA C/10 SUPOSITORIOS	|	15.50	|	5.17	|	7502211780618	;
LOEFFLER	|	FENIFFLER-T	|	FENITOINA 100 mg	|	TABLETAS C/50	|	120.00	|	40.00	|	7502211784005	;
LOEFFLER	|	LOFFYMIX	|	KETOCONAZOL-CLINDAMICINA 400 mg-100 mg	|	CAJA C/ 7 ÒVULOS	|	134.00	|	44.67	|	7502211784272	;
LOEFFLER	|	PENSODIL	|	NAPROXENO SÒDICO, PARACETAMOL	|	SUSP. FCO CON 100 ml	|	69.00	|	23.00	|	7502211780373	;
LOEFFLER	|	PENSODIL-S	|	NAPROXENO SÒDICO 100 mg/PARACETAMOL 200 mg	|	SUPOSITORIOS CAJA C/5	|	45.00	|	15.00	|	7502211784043	;
LOEFFLER	|	SIPAROX	|	SUBSALICILATO DE BISMUTO	|	SUSP. FCO. 120ml	|	28.00	|	9.33	|	7502211782483	;
LOEFFLER	|	SICALAN	|	AZITROMICINA 30 ml	|	SUSP. FCO. CON 30 ml	|	208.00	|	69.33	|	7502211783527	;
LOEFFLER	|	STOMFFLER PLUS	|	METRONIDAZOL-DIYODOHIROXIQUINOLEÌNA 120 ml	|	CAJA C/ FCO CON 120 ml	|	68.00	|	22.67	|	7502211780069	;
LOEFFLER	|	SUPRACOF	|	BENZONATATO 50 mg	|	SUPOSITORIOS CAJA C/6	|	46.00	|	15.33	|	7502211780724	;
LOEFFLER	|	TINOXAL	|	TOLNAFTATO 1%	|	CREMA, CAJA C/TUBO 20 g	|	48.00	|	16.00	|	7502211783176	;
LOEFFLER	|	VANESTRIN	|	METRONIDAZOL 500mg/NISTATINA 100 000 U.I	|	ÒVULOS, CAJA C/10	|	70.00	|	23.33	|	0	;
LOEFFLER	|	VANESTRIN-V	|	METRONIDAZOL 500mg 	|	ÒVULOS, CAJA C/10	|	40.00	|	13.33	|	7502211781905	;
LOEFFLER	|	ZUKEDIB	|	GLIMEPIRIDA 4mg	|	CAJA C/ 30 TABS.	|	196.00	|	65.33	|	7502211784036	;
ALPHARMA	|	ACARBOSA TABS.	|	ACARBOSA 50 mg	|	TABLETAS, CAJA C/30	|	132.00	|	44.00	|	7503004908875	;
ALPHARMA	|	ALPHADINAL SOL. NASAL	|	NAFAZOLINA AL 0.05 %	|	SOLUCIÒN NASAL CAJA FCO. CON 15 ml	|	36.30	|	12.10	|	75016418	;
ALPHARMA	|	ISOCONAZOL CREMA	|	ISOCONAZOL AL 1%	|	CREMA, CAJA CON TUBO CON 20 g	|	99.00	|	33.00	|	0	;
ALPHARMA	|	BIOLYSIN GB CÀPS.	|	VITAMINA A 50 000 U.I	|	CÀPSULAS, CAJA C/40	|	68.00	|	22.67	|	7502226290027	;
ALPHARMA	|	NISTATINA	|	NISTATINA	|	SUSPENSIÒN, CAJA C/ FCO. PARA 24 ML	|	132.00	|	44.00	|	7503004908844	;
ALPHARMA	|	LIDOCAINA ALPHARMA	|	LIDOCAÌNA AL 5%	|	UNGÛENTO, CAJA CON TUBO CON 35 g	|	66.00	|	22.00	|	7503004908738	;
ALVARTIS PHARMA	|	CLORANFENICOL GOTAS	|	CLORANFENICOL OFTÀLMICO AL 0.5%	|	FCO. GOTERO CON 15 ml	|	53.90	|	17.97	|	0	;
ALVARTIS PHARMA	|	HIPROMELOSA SOL. OFTÀLMICA	|	HIPROMELOSA AL 0.5 %	|	SOL. OFTÀLMICA, FCO. CON 15 ml	|	102.35	|	34.12	|	0	;
ALVARTIS PHARMA	|	NAFAZOLINA GOTAS	|	NAFAZOLINA 1 mg/ml	|	GOTAS, FCO. GOTERO CON 15 ml	|	68.89	|	22.96	|	7502222840295	;
ANDROMACO	|	CANDIMON COMPRIMIDOS	|	CLOTRIMAZOL 100 mg	|	CAJA C/ 6 COMPRIMIDOS Y 1 APLICADOR	|	68.20	|	22.73	|	7501289511131	;
ANDROMACO	|	NISTATINA TAB. VAGINAL	|	NISTATINA 100 000 U.I	|	TABLETA VAGINAL FCO. C/12	|	55.53	|	18.51	|	0	;
ANDROMACO	|	NITROFURAL ÒVULOS VAGINALES	|	NITROFURAL 6 mg	|	ÒVULOS VAGINALES CAJA C/6	|	40.76	|	13.59	|	7501289517324	;
APOTEX	|	APODEFIL TAB. C/1	|	SILDENAFIL, 50 mg	|	TABLETAS, CAJA C/1	|	182.00	|	60.67	|	7501277079735	;
APOTEX	|	ELCTROLITOS APO	|	SALES DE REHIDRATACION ORAL	|	POLVO P/RECONSTITUIR, CAJA C/4 SOBRES C/27.9 g C/U	|	55.00	|	18.33	|	0	;
ATLANTIS	|	TETRA-ATLANTIS CÀPS. C/12	|	TETRACICLINA 250mg	|	CAJA C/12 CAPS.	|	34.44	|	11.48	|	0	;
ATLANTIS	|	TETRA-ATALNTIS CÀPS. C/20	|	CLORHIDRATO DE TETRACICLINA 500mg	|	CAJA C/20 CAPS..	|	84.65	|	28.22	|	0	;
BIOSYNTEC	|	SACRUSYT AEROSOL	|	SALBUTAMOL 100 MCG/ DOSIS	|	AEROSOL, FCO. C/200 DOSIS	|	31.00	|	NETO	|	0	;
BIORESEARCH	|	BIOLACTONA TABS.	|	ESPIRINOLACTONA 25 MG.	|	CAJA C/ 20 TABS.	|	90.00	|	30.00	|	0	;
BIORESEARCH	|	BIOTRICINA TABS.	|	TETRACICLINA 250 mg	|	TABLETAS CAJA C/10	|	52.50	|	17.50	|	7501563310436	;
BIORESEARCH	|	BISTATIN V TABS. VAGINALES	|	NISTATINA 100 000 U	|	CAJA C/ 12 TABS. VAGINALES	|	58.50	|	19.50	|	7501563310450	;
EXAKTA	|	ALUBRIL GOTAS	|	ALCOHOL POLIVINILICO 14mg/ml	|	CAJA C/FCO. GOTERO 15ml	|	79.00	|	26.33	|	7503000998078	;
EXAKTA	|	PHARCINA GOTAS	|	CIPROFLOXACINO 3mg	|	CAJA C/FCO. GOTERO 5ml	|	128.00	|	42.67	|	7503000997538	;
EXAKTA	|	FLANKOL GOTAS	|	DICLOFENACO SOL.	|	CAJA C/FCO. GOTERO 5ml	|	145.00	|	48.33	|	7503000997378	;
EXAKTA	|	TRIOFTIN GOTAS	|	NEOMICINA,POLIMIXINA B Y GRAMICIDINA 1.75mg,5000U,25mcg/ml	|	CAJA C/FCO.GOTERO 15ML	|	90.20	|	30.07	|	7503000997583	;
FARMACÈUTICA HISPANOAMERICANA	|	LETINNOV 28 GRAG.	|	LEVONOGESTREL,ETINILESTRADIOL 0.15 mg/0.03 mg	|	CAJA C/28 GRAGEAS	|	100.00	|	33.33	|	0	;
FARMACÈUTICA HISPANOAMERICANA	|	LETINOV 21 GRAG.	|	LEVONOGESTREL,ETINILESTRADIOL 0.15 mg/0.03 mg	|	CAJA C/21 GRAGEAS	|	83.34	|	27.78	|	7502213040116	;
FARMECEUTICOS LOREN	|	FERLOR A.F. TABS.	|	SUPLEMENTO ALIMENTICIO	|	CAJA C/30 TABS.	|	67.47	|	22.49	|	637420602004	;
FARMECEUTICOS LOREN	|	EPICOL AD. JBE.	|	DEXTROMETORFANO,GUAIFENESINA,BALSAMO DE TOLU JBE.	|	JARABE FCO C/120ml	|	69.55	|	23.18	|	637420440835	;
FARMECEUTICOS LOREN	|	EPICOL INF. SOL.	|	GUAIFENESINA,DEXTROMETORFANO,BALSAMO DE TOLU SOL.	|	SOLUCION INF. FCO. C/120ml	|	66.34	|	22.11	|	637420440828	;
FARMECEUTICOS LOREN	|	OTOLONE GOTAS	|	HIDROCORTISON/CLORANFENICOL/BENZOCAINA 5ml	|	SOL. GOTAS OTICAS 5ml	|	49.00	|	16.33	|	637420720326	;
INOVARE	|	INBELORAL SOL.	|	LORATADINA-BETAMETAZONA	|	LORATADINA,BETAMETASONA 100mg/5mg	|	135.00	|	45.00	|	0	;
MARCEL	|	RUMOQUIN N-F TABS. C/30	|	DICLOFENACO 75 mg/METOCARBAMOL 200 mg/DEXAMETASONA 0.75mg	|	TABLETAS CAJA C/30	|	132.00	|	44.00	|	821998000533	;
MARCEL	|	RUMOQUIN N-F TABS. C/20	|	DICLOFENACO 75 mg/METOCARBAMOL 200 mg/DEXAMETASONA 0.75mg	|	TABLETAS CAJA C/20	|	90.00	|	30.00	|	0	;
MARCEL	|	RUMOQUIN N-F TABS. C/90	|	DICLOFENACO 75 mg/METOCARBAMOL 200 mg/DEXAMETASONA 0.75mg	|	TABLETAS CAJA C/90	|	273.00	|	91.00	|	821998000557	;
NAFAR	|	NAFATOSIN PERLAS	|	BENZONATATO PERLAS 100 mg	|	CAJA C/ 20 PERLAS	|	59.00	|	19.67	|	7502223550513	;
NAFAR	|	DOLISEV CÀPS.	|	TRAMADOL CLORHIDRATO  50 mg	|	CAPSULAS, CAJA C/10	|	105.00	|	35.00	|	0	;
NAFAR	|	DITENCIAL TABS.	|	PINAVERIO BROMURO 100 mg	|	TABLETAS, CAJA C/14	|	105.00	|	35.00	|	0	;
NAFAR	|	ESPAXISAL TABS.	|	METOCARBAMOL-ACIDO ACETILSALISÌLICO 400/325 mg	|	CAJA C/30 TABLETAS	|	45.00	|	15.00	|	7502223553453	;
NAFAR	|	GELAMOX CÀPS.	|	AMBROXOL-DEXTROMETORFANO 22.5 mg	|	CAJA C/10, CAPSULAS	|	59.00	|	19.67	|	0	;
NAFAR	|	LOPRED TABS.	|	LOSARTAN 50 mg	|	CAJA C/30 TABLETAS	|	350.00	|	116.67	|	0	;
NAFAR	|	NAFATAB TABS.	|	SIMBASTATINA 20MG	|	CAJA C/14 TABLETAS	|	200.00	|	66.67	|	7502223551572	;
NAFAR	|	MODIPAST CÀPS.	|	FLOROGLUCINOL/TRIMETILFLOROGLUCINOL 80/80 MG	|	CAPSULAS, CAJA C/30	|	130.00	|	43.33	|	7502223552418	;
NAFAR	|	NAFENDOL CÀPS. 200	|	IBUPROFENO 200 mg	|	CAJA C/10 CÀPSULAS	|	28.00	|	9.33	|	7502223551473	;
NAFAR	|	NAFENDOL CÀPS. 400 	|	IBUPROFENO 400 mg	|	CAJA C/10 CÀPSULAS	|	40.00	|	13.33	|	0	;
NAFAR	|	NIFAR GB CÀPS.	|	NIFEDIPINO 10 mg	|	CAJA C/20 CÀPSULAS	|	45.00	|	15.00	|	0	;
PHARMACEUTICALS SBL	|	TRADAXIN TABS.	|	CETIRIZINA 10 mg	|	CAJA C/10 TABS.	|	115.00	|	38.33	|	0	;
PROPHARMA	|	SURIL JARABE INFANTIL	|	DEXTROMETORFANO, AMROXOL, LORATADINA, GUAFENESINA	|	JARABE, FCO. DE 120 ML. 	|	86.90	|	28.97	|	7503013846366	;
PROPHARMA	|	SURIL JARABE ADULTO	|	DEXTROMETORFANO, AMROXOL, LORATADINA, GUAFENESINA	|	JARABE, FCO. DE 120 ML. 	|	100.10	|	33.37	|	7503013846359	;
PROPHARMA	|	SURIL  TABS.	|	FENILEFRINA, LORATADINA, PARACETAMOL	|	CAJA C/10 TABLETAS	|	70.40	|	23.47	|	7503013846373	;
PSICOFARMA	|	KABLOC CÀPS.	|	NIFEDIPINO 30 mg	|	CAJA C/30 CAPS.	|	176.00	|	58.67	|	0	;
QUIMPHARMA	|	HISTAPHARM JBE.	|	DESLORATADINA 50 mg/100 ml	|	JARABE, FCO. DE 120 ML. 	|	304.00	|	101.33	|	7502223112452	;
QUIMPHARMA	|	GUAXOQUIM GTS.	|	GUAIFENESINA 2.5g/OXOLAMINA 1.5 g/ 100 ml	|	SOLUCIÒN PEDIÀTRICA CAJA C/FCO. 60 ml	|	84.00	|	28.00	|	7502223112186	;
QUIMPHARMA	|	GUAXOQUIM ADULTO	|	GUAIFENESINA 2g/OXOLAMINA 1g/ 100 ml	|	JARABE CAJA C/FCO. 140 ml	|	114.00	|	38.00	|	0	;
QUIMPHARMA	|	MITAFAR TBAS. 500MG	|	NITAZOXANIDA 500 mg	|	TABLETAS, CAJA C/6	|	156.00	|	52.00	|	0	;
QUIMPHARMA	|	MITAFAR TABS. 200MG	|	NITAZIXANIDA 200 mg DISPERSABLES	|	TABLETAS, CAJA C/10	|	156.00	|	52.00	|	0	;
QUIMPHARMA	|	NORMEX SUSP.	|	LECHE DE MAGNESIA	|	SUSPENSIÒN FCO. CON 180 ml	|	22.91	|	7.64	|	7501109790029	;
QUIMPHARMA	|	PHARMAFLAM SUSP	|	DICLOFENACO 4,5 mg/2.5 ml	|	SUSPENSIÒN, CAJA C/ 120 ml	|	132.00	|	44.00	|	7502223111172	;
QUIMPHARMA	|	PHARMACAINE SOL	|	LIDOCAÌNA AL 10%	|	SOLUCIÒN CAJA C/FCO. ATOMIZADOR	|	273.00	|	91.00	|	7502223111202	;
QUIMPHARMA	|	FIDOIN-Q SUSP.	|	IBUPROFENO, 2 g/100 Ml	|	SUSPENSION, CAJA C/120 mL	|	71.00	|	23.67	|	0	;
QUIMPHARMA	|	FIDOIN-Q GTS	|	IBUPROFENO, 2 g/100 Ml	|	SUSPENSIÒN GOTAS 15 ML SABOR FRESA	|	90.00	|	30.00	|	0	;
QUIMPHARMA	|	QUIMTULAC JBE	|	LACTULOSA 10g/15ml	|	JARABE, FCO. DE 125 ML. 	|	156.00	|	52.00	|	7502223112230	;
RAAM	|	DEXENAC TABS	|	ACECLOFENACO 100 mg	|	CAJA C/ 10 TABS.	|	99.00	|	33.00	|	7502227870013	;
RAAM	|	MINRAAM TABS	|	METFORMINA 500 mg	|	TABLETAS, CAJA C/30	|	55.00	|	18.33	|	7502227871652	;
RAAM	|	NORFLEN TABS	|	NORFLOXACINO/FENAZOPIRIDINA 400/100mg	|	CAJA C/8 TABLETAS	|	128.70	|	42.90	|	7502227870648	;
RAAM	|	PARSENIDA TABS. 200MG	|	NITAZOXANIDA 200 mg DISPERSABLES	|	TABLETAS, CAJA C/6	|	66.00	|	22.00	|	7502227871706	;
RAAM	|	PARSENIDA TABS. 500MG	|	NITAZOXANIDA 500 mg	|	CAJA C/ 6 TABS.	|	132.00	|	44.00	|	7502227871683	;
RAAM	|	PIME 500/1MG	|	METFORMINA/GLIBEPIRIDA 500/1 mg	|	CAJA C/16 TABS.	|	128.70	|	42.90	|	0	;
RAAM	|	PIME 1000/4MG	|	METFORMINA/GLIMEPIRIDA 1000/4mg	|	CAJA C/16 TABS.	|	267.30	|	89.10	|	0	;
RAAM	|	RAAMCINET TABS	|	CETIRIZINA 10 mg	|	TABLETAS, CAJA C/10	|	131.00	|	43.67	|	0	;
RAAM	|	XYSVOL TABS	|	FELODIPINO 5mg	|	CAJA C/10 TABLETAS	|	135.30	|	45.10	|	7502227871423	;
SERRAL	|	AZTROGECIN SUSP.	|	AZITROMICINA SUSP 200mg/5ml	|	SUSP. FCO. 15ml	|	210.00	|	 70.00	|	7501258205733	;
SERRAL	|	DEXIDEX TABS	|	NITAZOXANIDA 500mg	|	CAJA C/6 TABS.	|	186.00	|	 62.00	|	0	;
SERRAL	|	KRIPTISER TABS	|	BROMOCRIPTINA 2.5 mg	|	CAJA C/ 14 TABS.	|	103.95	|	 34.65	|	7501258200134	;
SERRAL	|	OXITAL-C TABS	|	ACIDO ASCÒRBICO (VITAMINA C) 1 G.	|	COMPRIMIDOS EFERVESCENTES SABOR NARAJA	|	101.06	|	 33.69	|	7501258206723	;
SERRAL	|	SINTASER TABS	|	PROPRANOLOL 40 mg	|	CAJA C/ 30 TABS.	|	45.30	|	 15.10	|	7501258203395	;
SERRAL	|	TAMEX TABS	|	LORATADINA/ BETAMETASONA 5.0 mg/ 0.25 mg	|	CAJA C/ 10 TABS.	|	173.25	|	 57.75	|	7501258204002	;
SERRAL	|	TAMEX SUSP.	|	LORATADINA/ BETAMETASONA 	|	SOL. FCO CON 60 ml	|	181.50	|	 60.50	|	7501258206563	;
SERRAL	|	VISERTRAL TABS	|	CETIRIZINA 10 MG	|	CAJA C/10 TABS.	|	132.00	|	 44.00	|	7501258205863	;
SERRAL	|	VISERTRAL SOL	|	CETIRIZINA 50ml	|	SOLUCION 50ml	|	138.60	|	 46.20	|	7501258205870	;
SERRAL	|	VIRESTAT CREMA	|	ACICLOVIR CREMA	|	CAJA CON TUBO CON 5 g	|	42.00	|	 14.00	|	0	;
STREGER	|	DIAPAR COMPUESTO SUSP	|	NIFUROXAZIDA, CAOLÌN, PECTINA	|	SUSPENSIÒN, FCO. 90 ML.	|	78.00	|	26.00	|	0	;
STREGER	|	CARBAGER PLUS TABS	|	METOCARBAMOL, IBUPROFENO	|	CAJA C/10 TABS.	|	78.00	|	26.00	|	7501547503168	;
STREGER	|	ENTERODAR COMPUESTO TABS	|	NIFUROXAZIDA 200 mg:	|	CAJA C/10 TABS. 	|	55.00	|	18.33	|	7501547505056	;
STREGER	|	FERRO 4 GRAG	|	FUMARATO FERROSO, VITAMINA C, B1,B6,B12	|	CAJA C/30 GRAGEAS	|	102.00	|	34.00	|	0	;
STREGER	|	INDARZONA CAPS	|	INDOMETACINA/DEXAMETASONA25mg/0.5 mg	|	CÀPSULAS CAJA C/30	|	99.00	|	33.00	|	7501547509016	;
STREGER	|	TROCILETAS CEREZA C/10	|	CLORURO DE CETILPIRIDINIO 1,45 mg	|	CAJA C/10 TABS. SABOR CEREZA	|	36.00	|	12.00	|	7501547522220	;
STREGER	|	TROCILETAS CEREZA C/12	|	CLORURO DE CETILPIRIDINA 1,45 mg	|	CAJA C/12 TABS. EN CARTERAS DE 4 C/U SABOR CEREZA	|	48.00	|	16.00	|	0	;
STREGER	|	TROCILETAS B LIMON	|	CLORURO DE CETILPIRIDINIO, BENZOCAÌNA 2.5 mg	|	CAJA C/12 TABS. EN CARTERAS DE 4 C/U SABOR LIMON	|	48.00	|	16.00	|	7501547522145	;
TOCOGINO	|	TOCODERM CREMA	|	ACIDO RETINOICO, 0,050 %	|	CREMA, CAJA C/TUBO C/30 g	|	77.55	|	25.85	|	0	;
TOCOGINO	|	DERMOVAL CREMA	|	BETAMETASONA, 0.1 %	|	CREMA, TUBO C/30 g	|	88.35	|	29.45	|	7501752513204	;
WERMAR	|	AVISTAR TABS	|	AMLODIPINO 5mg	|	CAJA C/10 TABS.	|	84.00	|	28.00	|	7503003738794	;
WERMAR	|	ROSEL-T TABS	|	AMANTADINA, CLORFENAMINA, PARACETAMOL 50/3/300 mg	|	TAB. CAJA C/15	|	56.00	|	18.67	|	7503003738879	;
WERMAR	|	SEPIA CAPS	|	ITRACONAZOL, SECNIDAZOL 33.3 mg/ 166.6 mg	|	CAJA C/16 CAPS.	|	360.00	|	120.00	|	7503003738671	;
WERMAR	|	WERMY CAPS	|	GABAPENTINA 300 mg	|	CAJA C/16 CAPS.	|	179.00	|	59.66	|	7502240450148	;
CMD	|	ACTIMAN TABS	|	GLUCOSAMINA CON DROITINA, VITAMINA C Y MANGANESO	|	TABLETAS CAJA C/30	|	171.00	|	57.00	|	7501590211201	;
CMD	|	ARTRIMAN TABS	|	GLUCOSAMINA 	|	TABLETAS CAJA C/30	|	123.00	|	41.00	|	7501590211171	;
CMD	|	ARTRIMAN 1500 TABS	|	GLUCOSAMINA	|	TABLETAS CAJA C/30	|	195.00	|	65.00	|	7501590281433	;
CMD	|	DIABENEL CAPS	|	VITAMINAS ANTIOXIDANTES, MINERALES Y OMEGA 3	|	CÀPSULAS CAJA C/30	|	129.00	|	43.00	|	7501590211225	;
SALUD NATURAL	|	CALTRON 600 TABS	|	CARBONATO DE CALCIO 1.5 g, PROTEINATO DE CALCIO 48 mg	|	TABLETAS CAJA C/60	|	109.11	|	36.37	|	0	;
SALUD NATURAL	|	CALTRON 600 + D TABS	|	CARBONATO DE CALCIO 1.5 g, PROTEINATO DE CALCIO 48 mg, VITAMINA B2 3.75 mcg	|	TABLETAS CAJA C/60	|	104.46	|	34.82	|	714908100099	;
SALUD NATURAL	|	SINTEROL CAPS	|	ALCACHOFA AL 5 %	|	CÀPSULAS FCO. C/30	|	132.09	|	44.03	|	714908101553	;
SALUD NATURAL	|	ZINESTRESS CAPS	|	KAVA KAVA AL 30 %	|	CÀPSULAS FCO. C/30	|	120.87	|	40.29	|	714908100679	;
JAHV`S	|	VARI-JAHVS GEL	|	HAMAMELIS, ROMERO, CASTAÑO DE INDIAS Y SÀVILA	|	GEL FCO. CON 150 g	|	82.28	|	27.43	|	6357911100089	;
JAHV`S	|	VARI-JAHVS TABS	|	HAMAMELIS 300 mg, CASTAÑO DE INDIAS 300 mg	|	TABLETAS CAJA C/100	|	115.53	|	38.51	|	6358975432000	;
JAHV`S	|	OIL JAHVS TABS	|	ACEITE DE SALMÒN 400 mg, SEMILLA DE LINO 200 mg, SEMILLA DE NONI 100 mg	|	TABLETAS CAJA C/100	|	119.37	|	39.79	|	6358975441453	;
NATUREX	|	ADEVIT EMULSION	|	VITAMINAS A Y D, CALCIO, FÒSFORO Y OMEGA 3	|	EMULSIÒN, FCO. CON 240 ml	|	87.00	|	29.00	|	7502009743153	;
NATUREX	|	COLÀGENODISPIDROLIZADO TABS	|	COLÀGENODISPIDROLIZADO	|	TABLETAS, CAJA C/60	|	99.00	|	33.00	|	7502009741524	;
NATUREX	|	OXIVITE TABS	|	EXTRACTO DE SEMILLAS DE UVA, VITAMINAS Y MINERALES	|	TABLETAS, CAJA C/FCO. C/30	|	69.00	|	23.00	|	7502009743603	;
NATUREX	|	VISAVIT TABS	|	LUTEÌNA, ZEAXANTINA, VITAMINAS Y MINERALES	|	TABLETAS, FCO. CAJA C/30	|	120.00	|	40.00	|	7502009741609	;
